group_id,train_step,task_id,rollout_index,success,official_reward,eligible_consumer_opportunities,consumer_completed,consumer_score,eligible_prop_opportunities,prop_correct,prop_score,retry_opportunities,invalid_retry,retry_score,graph_score,graph_available,primary_class,graph_tiebreak_eligible,graph_tiebreak_applied,final_group_reward,episode_level_advantage
graph:step10:gf-rl-v1-s1298895214-t0,10,gf-rl-v1-s1298895214-t0,0,False,0.5,0,0,0.0,0,0,0.0,0,0,0.0,0.0,False,success=0|official_bin=500000,False,False,0.5,-0.8450339610559325
graph:step10:gf-rl-v1-s1298895214-t0,10,gf-rl-v1-s1298895214-t0,1,False,0.45,0,0,0.0,0,0,0.0,0,0,0.0,0.0,False,success=0|official_bin=450000,False,False,0.45,-0.8867640332068428
graph:step10:gf-rl-v1-s1298895214-t0,10,gf-rl-v1-s1298895214-t0,2,True,1.0,0,0,0.0,0,0,0.0,0,0,0.0,0.0,False,success=1|official_bin=1000000,False,False,2.55,0.8658989971313875
graph:step10:gf-rl-v1-s1298895214-t0,10,gf-rl-v1-s1298895214-t0,3,True,1.0,0,0,0.0,0,0,0.0,0,0,0.0,0.0,False,success=1|official_bin=1000000,False,False,2.55,0.8658989971313875
graph:step10:gf-rl-v1-s656480583-t0,10,gf-rl-v1-s656480583-t0,0,False,0.5,0,0,0.0,0,0,0.0,0,0,0.0,0.0,False,success=0|official_bin=500000,False,False,0.5,0.0
graph:step10:gf-rl-v1-s656480583-t0,10,gf-rl-v1-s656480583-t0,1,False,0.5,0,0,0.0,0,0,0.0,0,0,0.0,0.0,False,success=0|official_bin=500000,False,False,0.5,0.0
graph:step10:gf-rl-v1-s656480583-t0,10,gf-rl-v1-s656480583-t0,2,False,0.5,0,0,0.0,0,0,0.0,0,0,0.0,0.0,False,success=0|official_bin=500000,False,False,0.5,0.0
graph:step10:gf-rl-v1-s656480583-t0,10,gf-rl-v1-s656480583-t0,3,False,0.5,0,0,0.0,0,0,0.0,0,0,0.0,0.0,False,success=0|official_bin=500000,False,False,0.5,0.0
graph:step11:gf-rl-v1-s1753735256-t0,11,gf-rl-v1-s1753735256-t0,0,False,0.5,0,0,0.0,0,0,0.0,0,0,0.0,0.0,False,success=0|official_bin=500000,False,False,0.5,0.4999800007999685
graph:step11:gf-rl-v1-s1753735256-t0,11,gf-rl-v1-s1753735256-t0,1,False,0.45,0,0,0.0,0,0,0.0,0,0,0.0,0.0,False,success=0|official_bin=450000,False,False,0.45,-1.4999400023999034
graph:step11:gf-rl-v1-s1753735256-t0,11,gf-rl-v1-s1753735256-t0,2,False,0.5,0,0,0.0,0,0,0.0,0,0,0.0,0.0,False,success=0|official_bin=500000,False,False,0.5,0.4999800007999685
graph:step11:gf-rl-v1-s1753735256-t0,11,gf-rl-v1-s1753735256-t0,3,False,0.5,0,0,0.0,0,0,0.0,0,0,0.0,0.0,False,success=0|official_bin=500000,False,False,0.5,0.4999800007999685
graph:step11:gf-rl-v1-s193273511-t0,11,gf-rl-v1-s193273511-t0,0,False,0.0,0,0,0.0,0,0,0.0,0,0,0.0,0.0,False,success=0|official_bin=0,False,False,0.0,0.0
graph:step11:gf-rl-v1-s193273511-t0,11,gf-rl-v1-s193273511-t0,1,False,0.0,0,0,0.0,0,0,0.0,0,0,0.0,0.0,False,success=0|official_bin=0,False,False,0.0,0.0
graph:step11:gf-rl-v1-s193273511-t0,11,gf-rl-v1-s193273511-t0,2,False,0.0,0,0,0.0,0,0,0.0,0,0,0.0,0.0,False,success=0|official_bin=0,False,False,0.0,0.0
graph:step11:gf-rl-v1-s193273511-t0,11,gf-rl-v1-s193273511-t0,3,False,0.0,0,0,0.0,0,0,0.0,0,0,0.0,0.0,False,success=0|official_bin=0,False,False,0.0,0.0
graph:step12:gf-rl-v1-s1276310311-t0,12,gf-rl-v1-s1276310311-t0,0,False,0.5,1,0,0.0,0,0,0.0,0,0,0.0,0.0,True,success=0|official_bin=500000,False,False,0.5,-1.499528740748208
graph:step12:gf-rl-v1-s1276310311-t0,12,gf-rl-v1-s1276310311-t0,1,True,0.95,1,1,1.0,1,1,1.0,0,0,0.0,0.7,True,success=1|official_bin=950000,True,False,2.4,0.5175364680458414
graph:step12:gf-rl-v1-s1276310311-t0,12,gf-rl-v1-s1276310311-t0,2,True,0.95,1,1,1.0,1,1,1.0,0,0,0.0,0.7,True,success=1|official_bin=950000,True,False,2.4,0.5175364680458414
graph:step12:gf-rl-v1-s1276310311-t0,12,gf-rl-v1-s1276310311-t0,3,True,0.9,1,1,1.0,1,1,1.0,0,0,0.0,0.7,True,success=1|official_bin=900000,False,False,2.35,0.4644558046565246
graph:step12:gf-rl-v1-s849925139-t3,12,gf-rl-v1-s849925139-t3,0,False,0.5,0,0,0.0,0,0,0.0,0,0,0.0,0.0,False,success=0|official_bin=500000,False,False,0.5,0.0
graph:step12:gf-rl-v1-s849925139-t3,12,gf-rl-v1-s849925139-t3,1,False,0.5,0,0,0.0,0,0,0.0,0,0,0.0,0.0,False,success=0|official_bin=500000,False,False,0.5,0.0
graph:step12:gf-rl-v1-s849925139-t3,12,gf-rl-v1-s849925139-t3,2,False,0.5,0,0,0.0,0,0,0.0,0,0,0.0,0.0,False,success=0|official_bin=500000,False,False,0.5,0.0
graph:step12:gf-rl-v1-s849925139-t3,12,gf-rl-v1-s849925139-t3,3,False,0.5,0,0,0.0,0,0,0.0,0,0,0.0,0.0,False,success=0|official_bin=500000,False,False,0.5,0.0
graph:step13:gf-rl-v1-s1493520193-t0,13,gf-rl-v1-s1493520193-t0,0,False,0.5,0,0,0.0,0,0,0.0,0,0,0.0,0.0,False,success=0|official_bin=500000,False,False,0.5,0.4999800007999685
graph:step13:gf-rl-v1-s1493520193-t0,13,gf-rl-v1-s1493520193-t0,1,False,0.5,0,0,0.0,0,0,0.0,0,0,0.0,0.0,False,success=0|official_bin=500000,False,False,0.5,0.4999800007999685
graph:step13:gf-rl-v1-s1493520193-t0,13,gf-rl-v1-s1493520193-t0,2,False,0.5,0,0,0.0,0,0,0.0,1,0,-0.0,0.0,True,success=0|official_bin=500000,True,False,0.5,0.4999800007999685
graph:step13:gf-rl-v1-s1493520193-t0,13,gf-rl-v1-s1493520193-t0,3,False,0.45,0,0,0.0,0,0,0.0,2,0,-0.0,0.0,True,success=0|official_bin=450000,False,False,0.45,-1.4999400023999034
graph:step13:gf-rl-v1-s1868345564-t0,13,gf-rl-v1-s1868345564-t0,0,False,0.5,0,0,0.0,0,0,0.0,0,0,0.0,0.0,False,success=0|official_bin=500000,False,False,0.5,0.0
graph:step13:gf-rl-v1-s1868345564-t0,13,gf-rl-v1-s1868345564-t0,1,False,0.5,0,0,0.0,0,0,0.0,0,0,0.0,0.0,False,success=0|official_bin=500000,False,False,0.5,0.0
graph:step13:gf-rl-v1-s1868345564-t0,13,gf-rl-v1-s1868345564-t0,2,False,0.5,0,0,0.0,0,0,0.0,0,0,0.0,0.0,False,success=0|official_bin=500000,False,False,0.5,0.0
graph:step13:gf-rl-v1-s1868345564-t0,13,gf-rl-v1-s1868345564-t0,3,False,0.5,0,0,0.0,0,0,0.0,0,0,0.0,0.0,False,success=0|official_bin=500000,False,False,0.5,0.0
graph:step14:gf-rl-v1-s1744129039-t0,14,gf-rl-v1-s1744129039-t0,0,False,0.5,0,0,0.0,0,0,0.0,0,0,0.0,0.0,False,success=0|official_bin=500000,False,False,0.5,0.0
graph:step14:gf-rl-v1-s1744129039-t0,14,gf-rl-v1-s1744129039-t0,1,False,0.5,0,0,0.0,0,0,0.0,0,0,0.0,0.0,False,success=0|official_bin=500000,False,False,0.5,0.0
graph:step14:gf-rl-v1-s1744129039-t0,14,gf-rl-v1-s1744129039-t0,2,False,0.5,0,0,0.0,0,0,0.0,0,0,0.0,0.0,False,success=0|official_bin=500000,False,False,0.5,0.0
graph:step14:gf-rl-v1-s1744129039-t0,14,gf-rl-v1-s1744129039-t0,3,False,0.5,0,0,0.0,0,0,0.0,0,0,0.0,0.0,False,success=0|official_bin=500000,False,False,0.5,0.0
graph:step14:gf-rl-v1-s667065394-t2,14,gf-rl-v1-s667065394-t2,0,False,0.5,0,0,0.0,0,0,0.0,0,0,0.0,0.0,False,success=0|official_bin=500000,False,False,0.5,0.0
graph:step14:gf-rl-v1-s667065394-t2,14,gf-rl-v1-s667065394-t2,1,False,0.5,0,0,0.0,0,0,0.0,0,0,0.0,0.0,False,success=0|official_bin=500000,False,False,0.5,0.0
graph:step14:gf-rl-v1-s667065394-t2,14,gf-rl-v1-s667065394-t2,2,False,0.5,0,0,0.0,0,0,0.0,0,0,0.0,0.0,False,success=0|official_bin=500000,False,False,0.5,0.0
graph:step14:gf-rl-v1-s667065394-t2,14,gf-rl-v1-s667065394-t2,3,False,0.5,0,0,0.0,0,0,0.0,0,0,0.0,0.0,False,success=0|official_bin=500000,False,False,0.5,0.0
graph:step15:gf-rl-v1-s1686185076-t0,15,gf-rl-v1-s1686185076-t0,0,False,0.5,0,0,0.0,0,0,0.0,0,0,0.0,0.0,False,success=0|official_bin=500000,False,False,0.5,0.0
graph:step15:gf-rl-v1-s1686185076-t0,15,gf-rl-v1-s1686185076-t0,1,False,0.5,0,0,0.0,0,0,0.0,0,0,0.0,0.0,False,success=0|official_bin=500000,False,False,0.5,0.0
graph:step15:gf-rl-v1-s1686185076-t0,15,gf-rl-v1-s1686185076-t0,2,False,0.5,0,0,0.0,0,0,0.0,0,0,0.0,0.0,False,success=0|official_bin=500000,False,False,0.5,0.0
graph:step15:gf-rl-v1-s1686185076-t0,15,gf-rl-v1-s1686185076-t0,3,False,0.5,0,0,0.0,0,0,0.0,0,0,0.0,0.0,False,success=0|official_bin=500000,False,False,0.5,0.0
graph:step15:gf-rl-v1-s1890378441-t0,15,gf-rl-v1-s1890378441-t0,0,False,0.5,0,0,0.0,0,0,0.0,0,0,0.0,0.0,False,success=0|official_bin=500000,False,False,0.5,0.0
graph:step15:gf-rl-v1-s1890378441-t0,15,gf-rl-v1-s1890378441-t0,1,False,0.5,0,0,0.0,0,0,0.0,0,0,0.0,0.0,False,success=0|official_bin=500000,False,False,0.5,0.0
graph:step15:gf-rl-v1-s1890378441-t0,15,gf-rl-v1-s1890378441-t0,2,False,0.5,0,0,0.0,0,0,0.0,0,0,0.0,0.0,False,success=0|official_bin=500000,False,False,0.5,0.0
graph:step15:gf-rl-v1-s1890378441-t0,15,gf-rl-v1-s1890378441-t0,3,False,0.5,0,0,0.0,0,0,0.0,0,0,0.0,0.0,False,success=0|official_bin=500000,False,False,0.5,0.0
graph:step16:gf-rl-v1-s1560427349-t0,16,gf-rl-v1-s1560427349-t0,0,False,0.5,0,0,0.0,0,0,0.0,0,0,0.0,0.0,False,success=0|official_bin=500000,False,False,0.5,0.0
graph:step16:gf-rl-v1-s1560427349-t0,16,gf-rl-v1-s1560427349-t0,1,False,0.5,0,0,0.0,0,0,0.0,0,0,0.0,0.0,False,success=0|official_bin=500000,False,False,0.5,0.0
graph:step16:gf-rl-v1-s1560427349-t0,16,gf-rl-v1-s1560427349-t0,2,False,0.5,0,0,0.0,0,0,0.0,0,0,0.0,0.0,False,success=0|official_bin=500000,False,False,0.5,0.0
graph:step16:gf-rl-v1-s1560427349-t0,16,gf-rl-v1-s1560427349-t0,3,False,0.5,0,0,0.0,0,0,0.0,0,0,0.0,0.0,False,success=0|official_bin=500000,False,False,0.5,0.0
graph:step16:gf-rl-v1-s73550638-t0,16,gf-rl-v1-s73550638-t0,0,True,1.0,1,1,1.0,1,1,1.0,0,0,0.0,0.7,True,success=1|official_bin=1000000,True,False,2.0,0.0
graph:step16:gf-rl-v1-s73550638-t0,16,gf-rl-v1-s73550638-t0,1,True,1.0,1,1,1.0,1,1,1.0,0,0,0.0,0.7,True,success=1|official_bin=1000000,True,False,2.0,0.0
graph:step16:gf-rl-v1-s73550638-t0,16,gf-rl-v1-s73550638-t0,2,True,1.0,1,1,1.0,1,1,1.0,0,0,0.0,0.7,True,success=1|official_bin=1000000,True,False,2.0,0.0
graph:step16:gf-rl-v1-s73550638-t0,16,gf-rl-v1-s73550638-t0,3,True,1.0,1,1,1.0,1,1,1.0,0,0,0.0,0.7,True,success=1|official_bin=1000000,True,False,2.0,0.0
graph:step17:gf-rl-v1-s367221064-t0,17,gf-rl-v1-s367221064-t0,0,False,0.0,0,0,0.0,0,0,0.0,0,0,0.0,0.0,False,success=0|official_bin=0,False,False,0.0,-1.4999990000006667
graph:step17:gf-rl-v1-s367221064-t0,17,gf-rl-v1-s367221064-t0,1,True,1.0,0,0,0.0,0,0,0.0,0,0,0.0,0.0,False,success=1|official_bin=1000000,False,False,3.0,0.49999966666688894
graph:step17:gf-rl-v1-s367221064-t0,17,gf-rl-v1-s367221064-t0,2,True,1.0,0,0,0.0,0,0,0.0,0,0,0.0,0.0,False,success=1|official_bin=1000000,False,False,3.0,0.49999966666688894
graph:step17:gf-rl-v1-s367221064-t0,17,gf-rl-v1-s367221064-t0,3,True,1.0,0,0,0.0,0,0,0.0,0,0,0.0,0.0,False,success=1|official_bin=1000000,False,False,3.0,0.49999966666688894
graph:step17:gf-rl-v1-s716475003-t0,17,gf-rl-v1-s716475003-t0,0,False,0.45,0,0,0.0,0,0,0.0,0,0,0.0,0.0,False,success=0|official_bin=450000,False,False,0.45,-0.5321191390671135
graph:step17:gf-rl-v1-s716475003-t0,17,gf-rl-v1-s716475003-t0,1,False,0.5,1,0,0.0,0,0,0.0,0,0,0.0,0.0,True,success=0|official_bin=500000,True,False,0.5,-0.48374467187919407
graph:step17:gf-rl-v1-s716475003-t0,17,gf-rl-v1-s716475003-t0,2,False,0.5,1,0,0.0,0,0,0.0,0,0,0.0,0.0,True,success=0|official_bin=500000,True,False,0.5,-0.48374467187919407
graph:step17:gf-rl-v1-s716475003-t0,17,gf-rl-v1-s716475003-t0,3,True,1.0,1,1,1.0,1,1,1.0,0,0,0.0,0.7,True,success=1|official_bin=1000000,False,False,2.55,1.4996084828255014
graph:step18:gf-rl-v1-s1934726457-t1,18,gf-rl-v1-s1934726457-t1,0,True,1.0,0,0,0.0,0,0,0.0,0,0,0.0,0.0,False,success=1|official_bin=1000000,False,False,2.0,0.0
graph:step18:gf-rl-v1-s1934726457-t1,18,gf-rl-v1-s1934726457-t1,1,True,1.0,0,0,0.0,0,0,0.0,0,0,0.0,0.0,False,success=1|official_bin=1000000,False,False,2.0,0.0
graph:step18:gf-rl-v1-s1934726457-t1,18,gf-rl-v1-s1934726457-t1,2,True,1.0,0,0,0.0,0,0,0.0,0,0,0.0,0.0,False,success=1|official_bin=1000000,False,False,2.0,0.0
graph:step18:gf-rl-v1-s1934726457-t1,18,gf-rl-v1-s1934726457-t1,3,True,1.0,0,0,0.0,0,0,0.0,0,0,0.0,0.0,False,success=1|official_bin=1000000,False,False,2.0,0.0
graph:step18:gf-rl-v1-s705288067-t0,18,gf-rl-v1-s705288067-t0,0,False,0.5,0,0,0.0,0,0,0.0,0,0,0.0,0.0,False,success=0|official_bin=500000,False,False,0.5,-0.48291164843100826
graph:step18:gf-rl-v1-s705288067-t0,18,gf-rl-v1-s705288067-t0,1,True,0.95,0,0,0.0,0,0,0.0,0,0,0.0,0.0,False,success=1|official_bin=950000,False,False,2.45,1.4995677503910254
graph:step18:gf-rl-v1-s705288067-t0,18,gf-rl-v1-s705288067-t0,2,False,0.5,0,0,0.0,0,0,0.0,1,0,-0.0,0.0,True,success=0|official_bin=500000,True,False,0.5,-0.48291164843100826
graph:step18:gf-rl-v1-s705288067-t0,18,gf-rl-v1-s705288067-t0,3,False,0.45,0,0,0.0,0,0,0.0,0,0,0.0,0.0,False,success=0|official_bin=450000,False,False,0.45,-0.5337444535290092
graph:step19:gf-rl-v1-s29725384-t0,19,gf-rl-v1-s29725384-t0,0,True,1.0,0,0,0.0,0,0,0.0,0,0,0.0,0.0,False,success=1|official_bin=1000000,False,False,2.0,0.0
graph:step19:gf-rl-v1-s29725384-t0,19,gf-rl-v1-s29725384-t0,1,True,1.0,0,0,0.0,0,0,0.0,0,0,0.0,0.0,False,success=1|official_bin=1000000,False,False,2.0,0.0
graph:step19:gf-rl-v1-s29725384-t0,19,gf-rl-v1-s29725384-t0,2,True,1.0,0,0,0.0,0,0,0.0,0,0,0.0,0.0,False,success=1|official_bin=1000000,False,False,2.0,0.0
graph:step19:gf-rl-v1-s29725384-t0,19,gf-rl-v1-s29725384-t0,3,True,1.0,0,0,0.0,0,0,0.0,0,0,0.0,0.0,False,success=1|official_bin=1000000,False,False,2.0,0.0
graph:step19:gf-rl-v1-s665352354-t0,19,gf-rl-v1-s665352354-t0,0,False,0.5,0,0,0.0,0,0,0.0,0,0,0.0,0.0,False,success=0|official_bin=500000,False,False,0.5,0.0
graph:step19:gf-rl-v1-s665352354-t0,19,gf-rl-v1-s665352354-t0,1,False,0.5,0,0,0.0,0,0,0.0,0,0,0.0,0.0,False,success=0|official_bin=500000,False,False,0.5,0.0
graph:step19:gf-rl-v1-s665352354-t0,19,gf-rl-v1-s665352354-t0,2,False,0.5,1,0,0.0,0,0,0.0,0,0,0.0,0.0,True,success=0|official_bin=500000,True,False,0.5,0.0
graph:step19:gf-rl-v1-s665352354-t0,19,gf-rl-v1-s665352354-t0,3,False,0.5,1,0,0.0,0,0,0.0,0,0,0.0,0.0,True,success=0|official_bin=500000,True,False,0.5,0.0
graph:step1:gf-rl-v1-s1070670032-t1,1,gf-rl-v1-s1070670032-t1,0,False,0.5,0,0,0.0,0,0,0.0,0,0,0.0,0.0,False,success=0|official_bin=500000,False,False,0.5,-0.49999947368476455
graph:step1:gf-rl-v1-s1070670032-t1,1,gf-rl-v1-s1070670032-t1,1,False,0.5,0,0,0.0,0,0,0.0,0,0,0.0,0.0,False,success=0|official_bin=500000,False,False,0.5,-0.49999947368476455
graph:step1:gf-rl-v1-s1070670032-t1,1,gf-rl-v1-s1070670032-t1,2,False,0.5,0,0,0.0,0,0,0.0,0,0,0.0,0.0,False,success=0|official_bin=500000,False,False,0.5,-0.49999947368476455
graph:step1:gf-rl-v1-s1070670032-t1,1,gf-rl-v1-s1070670032-t1,3,True,0.95,0,0,0.0,0,0,0.0,0,0,0.0,0.0,False,success=1|official_bin=950000,False,False,2.4,1.4999984210542934
graph:step1:gf-rl-v1-s177617100-t0,1,gf-rl-v1-s177617100-t0,0,False,0.45,0,0,0.0,0,0,0.0,0,0,0.0,0.0,False,success=0|official_bin=450000,False,False,0.45,-1.4999400023999034
graph:step1:gf-rl-v1-s177617100-t0,1,gf-rl-v1-s177617100-t0,1,False,0.5,0,0,0.0,0,0,0.0,0,0,0.0,0.0,False,success=0|official_bin=500000,False,False,0.5,0.4999800007999685
graph:step1:gf-rl-v1-s177617100-t0,1,gf-rl-v1-s177617100-t0,2,False,0.5,0,0,0.0,0,0,0.0,0,0,0.0,0.0,False,success=0|official_bin=500000,False,False,0.5,0.4999800007999685
graph:step1:gf-rl-v1-s177617100-t0,1,gf-rl-v1-s177617100-t0,3,False,0.5,0,0,0.0,0,0,0.0,0,0,0.0,0.0,False,success=0|official_bin=500000,False,False,0.5,0.4999800007999685
graph:step20:gf-rl-v1-s1755745957-t0,20,gf-rl-v1-s1755745957-t0,0,False,0.25,0,0,0.0,0,0,0.0,0,0,0.0,0.0,False,success=0|official_bin=250000,False,False,0.25,-0.49999800000800004
graph:step20:gf-rl-v1-s1755745957-t0,20,gf-rl-v1-s1755745957-t0,1,False,0.25,0,0,0.0,0,0,0.0,0,0,0.0,0.0,False,success=0|official_bin=250000,False,False,0.25,-0.49999800000800004
graph:step20:gf-rl-v1-s1755745957-t0,20,gf-rl-v1-s1755745957-t0,2,False,0.25,0,0,0.0,0,0,0.0,0,0,0.0,0.0,False,success=0|official_bin=250000,False,False,0.25,-0.49999800000800004
graph:step20:gf-rl-v1-s1755745957-t0,20,gf-rl-v1-s1755745957-t0,3,False,0.75,0,0,0.0,0,0,0.0,1,0,-0.0,0.0,True,success=0|official_bin=750000,False,False,0.75,1.499994000024
graph:step20:gf-rl-v1-s1876339943-t0,20,gf-rl-v1-s1876339943-t0,0,True,1.0,0,0,0.0,0,0,0.0,0,0,0.0,0.0,False,success=1|official_bin=1000000,False,False,2.0,0.0
graph:step20:gf-rl-v1-s1876339943-t0,20,gf-rl-v1-s1876339943-t0,1,True,1.0,0,0,0.0,0,0,0.0,0,0,0.0,0.0,False,success=1|official_bin=1000000,False,False,2.0,0.0
graph:step20:gf-rl-v1-s1876339943-t0,20,gf-rl-v1-s1876339943-t0,2,True,1.0,0,0,0.0,0,0,0.0,0,0,0.0,0.0,False,success=1|official_bin=1000000,False,False,2.0,0.0
graph:step20:gf-rl-v1-s1876339943-t0,20,gf-rl-v1-s1876339943-t0,3,True,1.0,0,0,0.0,0,0,0.0,0,0,0.0,0.0,False,success=1|official_bin=1000000,False,False,2.0,0.0
graph:step21:gf-rl-v1-s1752559517-t0,21,gf-rl-v1-s1752559517-t0,0,False,0.5,1,0,0.0,0,0,0.0,0,0,0.0,0.0,True,success=0|official_bin=500000,True,True,0.5,-0.49999428577959043
graph:step21:gf-rl-v1-s1752559517-t0,21,gf-rl-v1-s1752559517-t0,1,False,0.5,1,0,0.0,0,0,0.0,0,0,0.0,0.0,True,success=0|official_bin=500000,True,True,0.5,-0.49999428577959043
graph:step21:gf-rl-v1-s1752559517-t0,21,gf-rl-v1-s1752559517-t0,2,False,0.5,1,0,0.0,0,0,0.0,0,0,0.0,0.0,True,success=0|official_bin=500000,True,True,0.5,-0.49999428577959043
graph:step21:gf-rl-v1-s1752559517-t0,21,gf-rl-v1-s1752559517-t0,3,False,0.5,1,1,1.0,1,1,1.0,0,0,0.0,0.7,True,success=0|official_bin=500000,True,True,0.675,1.499982857338774
graph:step21:gf-rl-v1-s264093353-t0,21,gf-rl-v1-s264093353-t0,0,False,0.0,0,0,0.0,0,0,0.0,0,0,0.0,0.0,False,success=0|official_bin=0,False,False,0.0,0.0
graph:step21:gf-rl-v1-s264093353-t0,21,gf-rl-v1-s264093353-t0,1,False,0.0,0,0,0.0,0,0,0.0,0,0,0.0,0.0,False,success=0|official_bin=0,False,False,0.0,0.0
graph:step21:gf-rl-v1-s264093353-t0,21,gf-rl-v1-s264093353-t0,2,False,0.0,0,0,0.0,0,0,0.0,0,0,0.0,0.0,False,success=0|official_bin=0,False,False,0.0,0.0
graph:step21:gf-rl-v1-s264093353-t0,21,gf-rl-v1-s264093353-t0,3,False,0.0,0,0,0.0,0,0,0.0,0,0,0.0,0.0,False,success=0|official_bin=0,False,False,0.0,0.0
graph:step22:gf-rl-v1-s1169506199-t2,22,gf-rl-v1-s1169506199-t2,0,False,0.5,0,0,0.0,0,0,0.0,0,0,0.0,0.0,False,success=0|official_bin=500000,False,False,0.5,-1.4999985000015001
graph:step22:gf-rl-v1-s1169506199-t2,22,gf-rl-v1-s1169506199-t2,1,True,1.0,0,0,0.0,0,0,0.0,0,0,0.0,0.0,False,success=1|official_bin=1000000,False,False,2.5,0.49999950000050003
graph:step22:gf-rl-v1-s1169506199-t2,22,gf-rl-v1-s1169506199-t2,2,True,1.0,0,0,0.0,0,0,0.0,0,0,0.0,0.0,False,success=1|official_bin=1000000,False,False,2.5,0.49999950000050003
graph:step22:gf-rl-v1-s1169506199-t2,22,gf-rl-v1-s1169506199-t2,3,True,1.0,0,0,0.0,0,0,0.0,0,0,0.0,0.0,False,success=1|official_bin=1000000,False,False,2.5,0.49999950000050003
graph:step22:gf-rl-v1-s1669340299-t0,22,gf-rl-v1-s1669340299-t0,0,False,0.0,0,0,0.0,0,0,0.0,0,0,0.0,0.0,False,success=0|official_bin=0,False,False,0.0,0.0
graph:step22:gf-rl-v1-s1669340299-t0,22,gf-rl-v1-s1669340299-t0,1,False,0.0,0,0,0.0,0,0,0.0,0,0,0.0,0.0,False,success=0|official_bin=0,False,False,0.0,0.0
graph:step22:gf-rl-v1-s1669340299-t0,22,gf-rl-v1-s1669340299-t0,2,False,0.0,0,0,0.0,0,0,0.0,0,0,0.0,0.0,False,success=0|official_bin=0,False,False,0.0,0.0
graph:step22:gf-rl-v1-s1669340299-t0,22,gf-rl-v1-s1669340299-t0,3,False,0.0,0,0,0.0,0,0,0.0,0,0,0.0,0.0,False,success=0|official_bin=0,False,False,0.0,0.0
graph:step23:gf-rl-v1-s1118242152-t0,23,gf-rl-v1-s1118242152-t0,0,False,0.5,0,0,0.0,0,0,0.0,0,0,0.0,0.0,False,success=0|official_bin=500000,False,False,0.5,0.0
graph:step23:gf-rl-v1-s1118242152-t0,23,gf-rl-v1-s1118242152-t0,1,False,0.5,0,0,0.0,0,0,0.0,0,0,0.0,0.0,False,success=0|official_bin=500000,False,False,0.5,0.0
graph:step23:gf-rl-v1-s1118242152-t0,23,gf-rl-v1-s1118242152-t0,2,False,0.5,0,0,0.0,0,0,0.0,0,0,0.0,0.0,False,success=0|official_bin=500000,False,False,0.5,0.0
graph:step23:gf-rl-v1-s1118242152-t0,23,gf-rl-v1-s1118242152-t0,3,False,0.5,0,0,0.0,0,0,0.0,0,0,0.0,0.0,False,success=0|official_bin=500000,False,False,0.5,0.0
graph:step23:gf-rl-v1-s1158245063-t1,23,gf-rl-v1-s1158245063-t1,0,False,0.25,1,0,0.0,0,0,0.0,0,0,0.0,0.0,True,success=0|official_bin=250000,True,True,0.25,-0.49999428577959126
graph:step23:gf-rl-v1-s1158245063-t1,23,gf-rl-v1-s1158245063-t1,1,False,0.25,1,0,0.0,0,0,0.0,0,0,0.0,0.0,True,success=0|official_bin=250000,True,True,0.25,-0.49999428577959126
graph:step23:gf-rl-v1-s1158245063-t1,23,gf-rl-v1-s1158245063-t1,2,False,0.25,1,0,0.0,0,0,0.0,0,0,0.0,0.0,True,success=0|official_bin=250000,True,True,0.25,-0.49999428577959126
graph:step23:gf-rl-v1-s1158245063-t1,23,gf-rl-v1-s1158245063-t1,3,False,0.25,1,1,1.0,1,1,1.0,0,0,0.0,0.7,True,success=0|official_bin=250000,True,True,0.425,1.499982857338773
graph:step24:gf-rl-v1-s1221955317-t0,24,gf-rl-v1-s1221955317-t0,0,False,0.0,0,0,0.0,0,0,0.0,0,0,0.0,0.0,False,success=0|official_bin=0,False,False,0.0,0.0
graph:step24:gf-rl-v1-s1221955317-t0,24,gf-rl-v1-s1221955317-t0,1,False,0.0,0,0,0.0,0,0,0.0,0,0,0.0,0.0,False,success=0|official_bin=0,False,False,0.0,0.0
graph:step24:gf-rl-v1-s1221955317-t0,24,gf-rl-v1-s1221955317-t0,2,False,0.0,0,0,0.0,0,0,0.0,0,0,0.0,0.0,False,success=0|official_bin=0,False,False,0.0,0.0
graph:step24:gf-rl-v1-s1221955317-t0,24,gf-rl-v1-s1221955317-t0,3,False,0.0,0,0,0.0,0,0,0.0,0,0,0.0,0.0,False,success=0|official_bin=0,False,False,0.0,0.0
graph:step24:gf-rl-v1-s195814578-t0,24,gf-rl-v1-s195814578-t0,0,False,0.5,0,0,0.0,0,0,0.0,0,0,0.0,0.0,False,success=0|official_bin=500000,False,False,0.5,0.0
graph:step24:gf-rl-v1-s195814578-t0,24,gf-rl-v1-s195814578-t0,1,False,0.5,0,0,0.0,0,0,0.0,0,0,0.0,0.0,False,success=0|official_bin=500000,False,False,0.5,0.0
graph:step24:gf-rl-v1-s195814578-t0,24,gf-rl-v1-s195814578-t0,2,False,0.5,0,0,0.0,0,0,0.0,0,0,0.0,0.0,False,success=0|official_bin=500000,False,False,0.5,0.0
graph:step24:gf-rl-v1-s195814578-t0,24,gf-rl-v1-s195814578-t0,3,False,0.5,0,0,0.0,0,0,0.0,1,0,-0.0,0.0,True,success=0|official_bin=500000,True,False,0.5,0.0
graph:step25:gf-rl-v1-s182316929-t1,25,gf-rl-v1-s182316929-t1,0,False,0.5,0,0,0.0,0,0,0.0,0,0,0.0,0.0,False,success=0|official_bin=500000,False,False,0.5,0.0
graph:step25:gf-rl-v1-s182316929-t1,25,gf-rl-v1-s182316929-t1,1,False,0.5,0,0,0.0,0,0,0.0,0,0,0.0,0.0,False,success=0|official_bin=500000,False,False,0.5,0.0
graph:step25:gf-rl-v1-s182316929-t1,25,gf-rl-v1-s182316929-t1,2,False,0.5,0,0,0.0,0,0,0.0,0,0,0.0,0.0,False,success=0|official_bin=500000,False,False,0.5,0.0
graph:step25:gf-rl-v1-s182316929-t1,25,gf-rl-v1-s182316929-t1,3,False,0.5,0,0,0.0,0,0,0.0,0,0,0.0,0.0,False,success=0|official_bin=500000,False,False,0.5,0.0
graph:step25:gf-rl-v1-s189870474-t0,25,gf-rl-v1-s189870474-t0,0,False,0.5,0,0,0.0,0,0,0.0,0,0,0.0,0.0,False,success=0|official_bin=500000,False,False,0.5,-0.8660246537850883
graph:step25:gf-rl-v1-s189870474-t0,25,gf-rl-v1-s189870474-t0,1,False,0.5,0,0,0.0,0,0,0.0,0,0,0.0,0.0,False,success=0|official_bin=500000,False,False,0.5,-0.8660246537850883
graph:step25:gf-rl-v1-s189870474-t0,25,gf-rl-v1-s189870474-t0,2,True,1.0,0,0,0.0,0,0,0.0,0,0,0.0,0.0,False,success=1|official_bin=1000000,False,False,2.5,0.8660246537850883
graph:step25:gf-rl-v1-s189870474-t0,25,gf-rl-v1-s189870474-t0,3,True,1.0,0,0,0.0,0,0,0.0,0,0,0.0,0.0,False,success=1|official_bin=1000000,False,False,2.5,0.8660246537850883
graph:step26:gf-rl-v1-s284141891-t2,26,gf-rl-v1-s284141891-t2,0,False,0.5,0,0,0.0,0,0,0.0,0,0,0.0,0.0,False,success=0|official_bin=500000,False,False,0.5,-0.4536088001042541
graph:step26:gf-rl-v1-s284141891-t2,26,gf-rl-v1-s284141891-t2,1,False,0.5,0,0,0.0,0,0,0.0,0,0,0.0,0.0,False,success=0|official_bin=500000,False,False,0.5,-0.4536088001042541
graph:step26:gf-rl-v1-s284141891-t2,26,gf-rl-v1-s284141891-t2,2,True,1.0,0,0,0.0,0,0,0.0,0,0,0.0,0.0,False,success=1|official_bin=1000000,False,False,2.65,1.4969090403440384
graph:step26:gf-rl-v1-s284141891-t2,26,gf-rl-v1-s284141891-t2,3,False,0.35,0,0,0.0,0,0,0.0,0,0,0.0,0.0,False,success=0|official_bin=350000,False,False,0.35,-0.5896914401355303
graph:step26:gf-rl-v1-s811730297-t1,26,gf-rl-v1-s811730297-t1,0,False,0.5,0,0,0.0,0,0,0.0,0,0,0.0,0.0,False,success=0|official_bin=500000,False,False,0.5,-0.49999947368476455
graph:step26:gf-rl-v1-s811730297-t1,26,gf-rl-v1-s811730297-t1,1,False,0.5,0,0,0.0,0,0,0.0,0,0,0.0,0.0,False,success=0|official_bin=500000,False,False,0.5,-0.49999947368476455
graph:step26:gf-rl-v1-s811730297-t1,26,gf-rl-v1-s811730297-t1,2,False,0.5,0,0,0.0,0,0,0.0,0,0,0.0,0.0,False,success=0|official_bin=500000,False,False,0.5,-0.49999947368476455
graph:step26:gf-rl-v1-s811730297-t1,26,gf-rl-v1-s811730297-t1,3,True,0.95,0,0,0.0,0,0,0.0,0,0,0.0,0.0,False,success=1|official_bin=950000,False,False,2.4,1.4999984210542934
graph:step27:gf-rl-v1-s148726739-t0,27,gf-rl-v1-s148726739-t0,0,False,0.0,0,0,0.0,0,0,0.0,0,0,0.0,0.0,False,success=0|official_bin=0,False,False,0.0,0.0
graph:step27:gf-rl-v1-s148726739-t0,27,gf-rl-v1-s148726739-t0,1,False,0.0,0,0,0.0,0,0,0.0,0,0,0.0,0.0,False,success=0|official_bin=0,False,False,0.0,0.0
graph:step27:gf-rl-v1-s148726739-t0,27,gf-rl-v1-s148726739-t0,2,False,0.0,0,0,0.0,0,0,0.0,0,0,0.0,0.0,False,success=0|official_bin=0,False,False,0.0,0.0
graph:step27:gf-rl-v1-s148726739-t0,27,gf-rl-v1-s148726739-t0,3,False,0.0,0,0,0.0,0,0,0.0,0,0,0.0,0.0,False,success=0|official_bin=0,False,False,0.0,0.0
graph:step27:gf-rl-v1-s551591154-t2,27,gf-rl-v1-s551591154-t2,0,False,0.5,0,0,0.0,0,0,0.0,0,0,0.0,0.0,False,success=0|official_bin=500000,False,False,0.5,0.0
graph:step27:gf-rl-v1-s551591154-t2,27,gf-rl-v1-s551591154-t2,1,False,0.5,0,0,0.0,0,0,0.0,0,0,0.0,0.0,False,success=0|official_bin=500000,False,False,0.5,0.0
graph:step27:gf-rl-v1-s551591154-t2,27,gf-rl-v1-s551591154-t2,2,False,0.5,0,0,0.0,0,0,0.0,0,0,0.0,0.0,False,success=0|official_bin=500000,False,False,0.5,0.0
graph:step27:gf-rl-v1-s551591154-t2,27,gf-rl-v1-s551591154-t2,3,False,0.5,0,0,0.0,0,0,0.0,0,0,0.0,0.0,False,success=0|official_bin=500000,False,False,0.5,0.0
graph:step28:gf-rl-v1-s1404084448-t0,28,gf-rl-v1-s1404084448-t0,0,True,1.0,0,0,0.0,0,0,0.0,0,0,0.0,0.0,False,success=1|official_bin=1000000,False,False,2.0,0.0
graph:step28:gf-rl-v1-s1404084448-t0,28,gf-rl-v1-s1404084448-t0,1,True,1.0,0,0,0.0,0,0,0.0,0,0,0.0,0.0,False,success=1|official_bin=1000000,False,False,2.0,0.0
graph:step28:gf-rl-v1-s1404084448-t0,28,gf-rl-v1-s1404084448-t0,2,True,1.0,0,0,0.0,0,0,0.0,0,0,0.0,0.0,False,success=1|official_bin=1000000,False,False,2.0,0.0
graph:step28:gf-rl-v1-s1404084448-t0,28,gf-rl-v1-s1404084448-t0,3,True,1.0,0,0,0.0,0,0,0.0,0,0,0.0,0.0,False,success=1|official_bin=1000000,False,False,2.0,0.0
graph:step28:gf-rl-v1-s1910132814-t0,28,gf-rl-v1-s1910132814-t0,0,True,1.0,0,0,0.0,0,0,0.0,0,0,0.0,0.0,False,success=1|official_bin=1000000,False,False,2.0,0.0
graph:step28:gf-rl-v1-s1910132814-t0,28,gf-rl-v1-s1910132814-t0,1,True,1.0,0,0,0.0,0,0,0.0,0,0,0.0,0.0,False,success=1|official_bin=1000000,False,False,2.0,0.0
graph:step28:gf-rl-v1-s1910132814-t0,28,gf-rl-v1-s1910132814-t0,2,True,1.0,0,0,0.0,0,0,0.0,0,0,0.0,0.0,False,success=1|official_bin=1000000,False,False,2.0,0.0
graph:step28:gf-rl-v1-s1910132814-t0,28,gf-rl-v1-s1910132814-t0,3,True,1.0,0,0,0.0,0,0,0.0,0,0,0.0,0.0,False,success=1|official_bin=1000000,False,False,2.0,0.0
graph:step29:gf-rl-v1-s1194580215-t0,29,gf-rl-v1-s1194580215-t0,0,False,0.0,0,0,0.0,0,0,0.0,0,0,0.0,0.0,False,success=0|official_bin=0,False,False,0.0,0.0
graph:step29:gf-rl-v1-s1194580215-t0,29,gf-rl-v1-s1194580215-t0,1,False,0.0,0,0,0.0,0,0,0.0,0,0,0.0,0.0,False,success=0|official_bin=0,False,False,0.0,0.0
graph:step29:gf-rl-v1-s1194580215-t0,29,gf-rl-v1-s1194580215-t0,2,False,0.0,0,0,0.0,0,0,0.0,0,0,0.0,0.0,False,success=0|official_bin=0,False,False,0.0,0.0
graph:step29:gf-rl-v1-s1194580215-t0,29,gf-rl-v1-s1194580215-t0,3,False,0.0,0,0,0.0,0,0,0.0,0,0,0.0,0.0,False,success=0|official_bin=0,False,False,0.0,0.0
graph:step29:gf-rl-v1-s1753926753-t0,29,gf-rl-v1-s1753926753-t0,0,False,0.5,0,0,0.0,0,0,0.0,0,0,0.0,0.0,False,success=0|official_bin=500000,False,False,0.5,0.0
graph:step29:gf-rl-v1-s1753926753-t0,29,gf-rl-v1-s1753926753-t0,1,False,0.5,1,0,0.0,0,0,0.0,0,0,0.0,0.0,True,success=0|official_bin=500000,True,False,0.5,0.0
graph:step29:gf-rl-v1-s1753926753-t0,29,gf-rl-v1-s1753926753-t0,2,False,0.5,1,0,0.0,0,0,0.0,0,0,0.0,0.0,True,success=0|official_bin=500000,True,False,0.5,0.0
graph:step29:gf-rl-v1-s1753926753-t0,29,gf-rl-v1-s1753926753-t0,3,False,0.5,1,0,0.0,0,0,0.0,0,0,0.0,0.0,True,success=0|official_bin=500000,True,False,0.5,0.0
graph:step2:gf-rl-v1-s1057590309-t0,2,gf-rl-v1-s1057590309-t0,0,False,0.5,0,0,0.0,0,0,0.0,0,0,0.0,0.0,False,success=0|official_bin=500000,False,False,0.5,0.0
graph:step2:gf-rl-v1-s1057590309-t0,2,gf-rl-v1-s1057590309-t0,1,False,0.5,0,0,0.0,0,0,0.0,0,0,0.0,0.0,False,success=0|official_bin=500000,False,False,0.5,0.0
graph:step2:gf-rl-v1-s1057590309-t0,2,gf-rl-v1-s1057590309-t0,2,False,0.5,0,0,0.0,0,0,0.0,0,0,0.0,0.0,False,success=0|official_bin=500000,False,False,0.5,0.0
graph:step2:gf-rl-v1-s1057590309-t0,2,gf-rl-v1-s1057590309-t0,3,False,0.5,0,0,0.0,0,0,0.0,0,0,0.0,0.0,False,success=0|official_bin=500000,False,False,0.5,0.0
graph:step2:gf-rl-v1-s591254450-t0,2,gf-rl-v1-s591254450-t0,0,False,0.5,0,0,0.0,0,0,0.0,0,0,0.0,0.0,False,success=0|official_bin=500000,False,False,0.5,0.0
graph:step2:gf-rl-v1-s591254450-t0,2,gf-rl-v1-s591254450-t0,1,False,0.5,0,0,0.0,0,0,0.0,0,0,0.0,0.0,False,success=0|official_bin=500000,False,False,0.5,0.0
graph:step2:gf-rl-v1-s591254450-t0,2,gf-rl-v1-s591254450-t0,2,False,0.5,0,0,0.0,0,0,0.0,0,0,0.0,0.0,False,success=0|official_bin=500000,False,False,0.5,0.0
graph:step2:gf-rl-v1-s591254450-t0,2,gf-rl-v1-s591254450-t0,3,False,0.5,0,0,0.0,0,0,0.0,0,0,0.0,0.0,False,success=0|official_bin=500000,False,False,0.5,0.0
graph:step30:gf-rl-v1-s1011921872-t2,30,gf-rl-v1-s1011921872-t2,0,True,1.0,0,0,0.0,0,0,0.0,0,0,0.0,0.0,False,success=1|official_bin=1000000,False,False,2.55,1.4996084828255014
graph:step30:gf-rl-v1-s1011921872-t2,30,gf-rl-v1-s1011921872-t2,1,False,0.5,0,0,0.0,0,0,0.0,0,0,0.0,0.0,False,success=0|official_bin=500000,False,False,0.5,-0.48374467187919407
graph:step30:gf-rl-v1-s1011921872-t2,30,gf-rl-v1-s1011921872-t2,2,False,0.5,0,0,0.0,0,0,0.0,0,0,0.0,0.0,False,success=0|official_bin=500000,False,False,0.5,-0.48374467187919407
graph:step30:gf-rl-v1-s1011921872-t2,30,gf-rl-v1-s1011921872-t2,3,False,0.45,0,0,0.0,0,0,0.0,0,0,0.0,0.0,False,success=0|official_bin=450000,False,False,0.45,-0.5321191390671135
graph:step30:gf-rl-v1-s1244352587-t0,30,gf-rl-v1-s1244352587-t0,0,True,1.0,1,1,1.0,1,1,1.0,0,0,0.0,0.7,True,success=1|official_bin=1000000,True,False,2.0,0.0
graph:step30:gf-rl-v1-s1244352587-t0,30,gf-rl-v1-s1244352587-t0,1,True,1.0,1,1,1.0,1,1,1.0,0,0,0.0,0.7,True,success=1|official_bin=1000000,True,False,2.0,0.0
graph:step30:gf-rl-v1-s1244352587-t0,30,gf-rl-v1-s1244352587-t0,2,True,1.0,1,1,1.0,1,1,1.0,0,0,0.0,0.7,True,success=1|official_bin=1000000,True,False,2.0,0.0
graph:step30:gf-rl-v1-s1244352587-t0,30,gf-rl-v1-s1244352587-t0,3,True,1.0,1,1,1.0,1,1,1.0,0,0,0.0,0.7,True,success=1|official_bin=1000000,True,False,2.0,0.0
graph:step31:gf-rl-v1-s134173455-t0,31,gf-rl-v1-s134173455-t0,0,False,0.5,0,0,0.0,0,0,0.0,0,0,0.0,0.0,False,success=0|official_bin=500000,False,False,0.5,0.0
graph:step31:gf-rl-v1-s134173455-t0,31,gf-rl-v1-s134173455-t0,1,False,0.5,0,0,0.0,0,0,0.0,0,0,0.0,0.0,False,success=0|official_bin=500000,False,False,0.5,0.0
graph:step31:gf-rl-v1-s134173455-t0,31,gf-rl-v1-s134173455-t0,2,False,0.5,0,0,0.0,0,0,0.0,0,0,0.0,0.0,False,success=0|official_bin=500000,False,False,0.5,0.0
graph:step31:gf-rl-v1-s134173455-t0,31,gf-rl-v1-s134173455-t0,3,False,0.5,0,0,0.0,0,0,0.0,0,0,0.0,0.0,False,success=0|official_bin=500000,False,False,0.5,0.0
graph:step31:gf-rl-v1-s1927210641-t1,31,gf-rl-v1-s1927210641-t1,0,False,0.0,0,0,0.0,0,0,0.0,0,0,0.0,0.0,False,success=0|official_bin=0,False,False,0.0,0.0
graph:step31:gf-rl-v1-s1927210641-t1,31,gf-rl-v1-s1927210641-t1,1,False,0.0,0,0,0.0,0,0,0.0,0,0,0.0,0.0,False,success=0|official_bin=0,False,False,0.0,0.0
graph:step31:gf-rl-v1-s1927210641-t1,31,gf-rl-v1-s1927210641-t1,2,False,0.0,0,0,0.0,0,0,0.0,0,0,0.0,0.0,False,success=0|official_bin=0,False,False,0.0,0.0
graph:step31:gf-rl-v1-s1927210641-t1,31,gf-rl-v1-s1927210641-t1,3,False,0.0,0,0,0.0,0,0,0.0,0,0,0.0,0.0,False,success=0|official_bin=0,False,False,0.0,0.0
graph:step32:gf-rl-v1-s1973471102-t0,32,gf-rl-v1-s1973471102-t0,0,True,1.0,0,0,0.0,0,0,0.0,0,0,0.0,0.0,False,success=1|official_bin=1000000,False,False,2.0,0.0
graph:step32:gf-rl-v1-s1973471102-t0,32,gf-rl-v1-s1973471102-t0,1,True,1.0,0,0,0.0,0,0,0.0,0,0,0.0,0.0,False,success=1|official_bin=1000000,False,False,2.0,0.0
graph:step32:gf-rl-v1-s1973471102-t0,32,gf-rl-v1-s1973471102-t0,2,True,1.0,0,0,0.0,0,0,0.0,0,0,0.0,0.0,False,success=1|official_bin=1000000,False,False,2.0,0.0
graph:step32:gf-rl-v1-s1973471102-t0,32,gf-rl-v1-s1973471102-t0,3,True,1.0,0,0,0.0,0,0,0.0,0,0,0.0,0.0,False,success=1|official_bin=1000000,False,False,2.0,0.0
graph:step32:gf-rl-v1-s565099388-t0,32,gf-rl-v1-s565099388-t0,0,True,1.0,0,0,0.0,0,0,0.0,0,0,0.0,0.0,False,success=1|official_bin=1000000,False,False,2.1,1.2247148721264234
graph:step32:gf-rl-v1-s565099388-t0,32,gf-rl-v1-s565099388-t0,1,True,0.95,0,0,0.0,0,0,0.0,0,0,0.0,0.0,False,success=1|official_bin=950000,False,False,2.05,0.0
graph:step32:gf-rl-v1-s565099388-t0,32,gf-rl-v1-s565099388-t0,2,True,0.95,0,0,0.0,0,0,0.0,0,0,0.0,0.0,False,success=1|official_bin=950000,False,False,2.05,0.0
graph:step32:gf-rl-v1-s565099388-t0,32,gf-rl-v1-s565099388-t0,3,True,0.9,0,0,0.0,0,0,0.0,0,0,0.0,0.0,False,success=1|official_bin=900000,False,False,2.0,-1.2247148721264125
graph:step33:gf-rl-v1-s422283438-t2,33,gf-rl-v1-s422283438-t2,0,False,0.0,0,0,0.0,0,0,0.0,0,0,0.0,0.0,False,success=0|official_bin=0,False,False,0.0,0.0
graph:step33:gf-rl-v1-s422283438-t2,33,gf-rl-v1-s422283438-t2,1,False,0.0,0,0,0.0,0,0,0.0,0,0,0.0,0.0,False,success=0|official_bin=0,False,False,0.0,0.0
graph:step33:gf-rl-v1-s422283438-t2,33,gf-rl-v1-s422283438-t2,2,False,0.0,0,0,0.0,0,0,0.0,0,0,0.0,0.0,False,success=0|official_bin=0,False,False,0.0,0.0
graph:step33:gf-rl-v1-s422283438-t2,33,gf-rl-v1-s422283438-t2,3,False,0.0,0,0,0.0,0,0,0.0,0,0,0.0,0.0,False,success=0|official_bin=0,False,False,0.0,0.0
graph:step33:gf-rl-v1-s77754273-t0,33,gf-rl-v1-s77754273-t0,0,False,0.5,0,0,0.0,0,0,0.0,0,0,0.0,0.0,False,success=0|official_bin=500000,False,False,0.5,0.0
graph:step33:gf-rl-v1-s77754273-t0,33,gf-rl-v1-s77754273-t0,1,False,0.5,0,0,0.0,0,0,0.0,0,0,0.0,0.0,False,success=0|official_bin=500000,False,False,0.5,0.0
graph:step33:gf-rl-v1-s77754273-t0,33,gf-rl-v1-s77754273-t0,2,False,0.5,0,0,0.0,0,0,0.0,0,0,0.0,0.0,False,success=0|official_bin=500000,False,False,0.5,0.0
graph:step33:gf-rl-v1-s77754273-t0,33,gf-rl-v1-s77754273-t0,3,False,0.5,0,0,0.0,0,0,0.0,0,0,0.0,0.0,False,success=0|official_bin=500000,False,False,0.5,0.0
graph:step34:gf-rl-v1-s402901329-t0,34,gf-rl-v1-s402901329-t0,0,False,0.5,0,0,0.0,0,0,0.0,0,0,0.0,0.0,False,success=0|official_bin=500000,False,False,0.5,0.0
graph:step34:gf-rl-v1-s402901329-t0,34,gf-rl-v1-s402901329-t0,1,False,0.5,0,0,0.0,0,0,0.0,0,0,0.0,0.0,False,success=0|official_bin=500000,False,False,0.5,0.0
graph:step34:gf-rl-v1-s402901329-t0,34,gf-rl-v1-s402901329-t0,2,False,0.5,0,0,0.0,0,0,0.0,0,0,0.0,0.0,False,success=0|official_bin=500000,False,False,0.5,0.0
graph:step34:gf-rl-v1-s402901329-t0,34,gf-rl-v1-s402901329-t0,3,False,0.5,1,0,0.0,0,0,0.0,0,0,0.0,0.0,True,success=0|official_bin=500000,True,False,0.5,0.0
graph:step34:gf-rl-v1-s849925139-t2,34,gf-rl-v1-s849925139-t2,0,False,0.0,0,0,0.0,0,0,0.0,0,0,0.0,0.0,False,success=0|official_bin=0,False,False,0.0,0.0
graph:step34:gf-rl-v1-s849925139-t2,34,gf-rl-v1-s849925139-t2,1,False,0.0,0,0,0.0,0,0,0.0,0,0,0.0,0.0,False,success=0|official_bin=0,False,False,0.0,0.0
graph:step34:gf-rl-v1-s849925139-t2,34,gf-rl-v1-s849925139-t2,2,False,0.0,0,0,0.0,0,0,0.0,0,0,0.0,0.0,False,success=0|official_bin=0,False,False,0.0,0.0
graph:step34:gf-rl-v1-s849925139-t2,34,gf-rl-v1-s849925139-t2,3,False,0.0,0,0,0.0,0,0,0.0,0,0,0.0,0.0,False,success=0|official_bin=0,False,False,0.0,0.0
graph:step35:gf-rl-v1-s587460416-t0,35,gf-rl-v1-s587460416-t0,0,False,0.5,0,0,0.0,0,0,0.0,0,0,0.0,0.0,False,success=0|official_bin=500000,False,False,0.5,0.0
graph:step35:gf-rl-v1-s587460416-t0,35,gf-rl-v1-s587460416-t0,1,False,0.5,0,0,0.0,0,0,0.0,0,0,0.0,0.0,False,success=0|official_bin=500000,False,False,0.5,0.0
graph:step35:gf-rl-v1-s587460416-t0,35,gf-rl-v1-s587460416-t0,2,False,0.5,0,0,0.0,0,0,0.0,0,0,0.0,0.0,False,success=0|official_bin=500000,False,False,0.5,0.0
graph:step35:gf-rl-v1-s587460416-t0,35,gf-rl-v1-s587460416-t0,3,False,0.5,0,0,0.0,0,0,0.0,0,0,0.0,0.0,False,success=0|official_bin=500000,False,False,0.5,0.0
graph:step35:gf-rl-v1-s940942013-t0,35,gf-rl-v1-s940942013-t0,0,False,0.5,0,0,0.0,0,0,0.0,0,0,0.0,0.0,False,success=0|official_bin=500000,False,False,0.5,-0.48374467187919407
graph:step35:gf-rl-v1-s940942013-t0,35,gf-rl-v1-s940942013-t0,1,False,0.45,0,0,0.0,0,0,0.0,0,0,0.0,0.0,False,success=0|official_bin=450000,False,False,0.45,-0.5321191390671135
graph:step35:gf-rl-v1-s940942013-t0,35,gf-rl-v1-s940942013-t0,2,False,0.5,0,0,0.0,0,0,0.0,0,0,0.0,0.0,False,success=0|official_bin=500000,False,False,0.5,-0.48374467187919407
graph:step35:gf-rl-v1-s940942013-t0,35,gf-rl-v1-s940942013-t0,3,True,1.0,0,0,0.0,0,0,0.0,0,0,0.0,0.0,False,success=1|official_bin=1000000,False,False,2.55,1.4996084828255014
graph:step36:gf-rl-v1-s17424019-t0,36,gf-rl-v1-s17424019-t0,0,False,0.5,0,0,0.0,0,0,0.0,0,0,0.0,0.0,False,success=0|official_bin=500000,False,False,0.5,0.7070967813279674
graph:step36:gf-rl-v1-s17424019-t0,36,gf-rl-v1-s17424019-t0,1,False,0.5,0,0,0.0,0,0,0.0,0,0,0.0,0.0,False,success=0|official_bin=500000,False,False,0.5,0.7070967813279674
graph:step36:gf-rl-v1-s17424019-t0,36,gf-rl-v1-s17424019-t0,2,False,0.45,0,0,0.0,0,0,0.0,0,0,0.0,0.0,False,success=0|official_bin=450000,False,False,0.45,7.850351272686481e-16
graph:step36:gf-rl-v1-s17424019-t0,36,gf-rl-v1-s17424019-t0,3,False,0.35,0,0,0.0,0,0,0.0,0,0,0.0,0.0,False,success=0|official_bin=350000,False,False,0.35,-1.4141935626559332
graph:step36:gf-rl-v1-s661645926-t0,36,gf-rl-v1-s661645926-t0,0,False,0.0,0,0,0.0,0,0,0.0,0,0,0.0,0.0,False,success=0|official_bin=0,False,False,0.0,0.0
graph:step36:gf-rl-v1-s661645926-t0,36,gf-rl-v1-s661645926-t0,1,False,0.0,1,0,0.0,0,0,0.0,0,0,0.0,0.0,True,success=0|official_bin=0,True,False,0.0,0.0
graph:step36:gf-rl-v1-s661645926-t0,36,gf-rl-v1-s661645926-t0,2,False,0.0,1,0,0.0,0,0,0.0,0,0,0.0,0.0,True,success=0|official_bin=0,True,False,0.0,0.0
graph:step36:gf-rl-v1-s661645926-t0,36,gf-rl-v1-s661645926-t0,3,False,0.0,1,0,0.0,0,0,0.0,0,0,0.0,0.0,True,success=0|official_bin=0,True,False,0.0,0.0
graph:step37:gf-rl-v1-s1358106528-t1,37,gf-rl-v1-s1358106528-t1,0,True,0.95,0,0,0.0,0,0,0.0,0,0,0.0,0.0,False,success=1|official_bin=950000,False,False,1.9999999999999998,1.4999400023999148
graph:step37:gf-rl-v1-s1358106528-t1,37,gf-rl-v1-s1358106528-t1,1,True,0.9,0,0,0.0,0,0,0.0,0,0,0.0,0.0,False,success=1|official_bin=900000,False,False,1.9499999999999997,-0.4999800007999568
graph:step37:gf-rl-v1-s1358106528-t1,37,gf-rl-v1-s1358106528-t1,2,True,0.9,0,0,0.0,0,0,0.0,0,0,0.0,0.0,False,success=1|official_bin=900000,False,False,1.9499999999999997,-0.4999800007999568
graph:step37:gf-rl-v1-s1358106528-t1,37,gf-rl-v1-s1358106528-t1,3,True,0.9,0,0,0.0,0,0,0.0,0,0,0.0,0.0,False,success=1|official_bin=900000,False,False,1.9499999999999997,-0.4999800007999568
graph:step37:gf-rl-v1-s1970821931-t1,37,gf-rl-v1-s1970821931-t1,0,False,0.5,0,0,0.0,0,0,0.0,0,0,0.0,0.0,False,success=0|official_bin=500000,False,False,0.5,-0.48374467187919407
graph:step37:gf-rl-v1-s1970821931-t1,37,gf-rl-v1-s1970821931-t1,1,False,0.45,0,0,0.0,0,0,0.0,0,0,0.0,0.0,False,success=0|official_bin=450000,False,False,0.45,-0.5321191390671135
graph:step37:gf-rl-v1-s1970821931-t1,37,gf-rl-v1-s1970821931-t1,2,False,0.5,0,0,0.0,0,0,0.0,0,0,0.0,0.0,False,success=0|official_bin=500000,False,False,0.5,-0.48374467187919407
graph:step37:gf-rl-v1-s1970821931-t1,37,gf-rl-v1-s1970821931-t1,3,True,1.0,0,0,0.0,0,0,0.0,0,0,0.0,0.0,False,success=1|official_bin=1000000,False,False,2.55,1.4996084828255014
graph:step38:gf-rl-v1-s325406140-t0,38,gf-rl-v1-s325406140-t0,0,True,1.0,1,1,1.0,1,1,1.0,0,0,0.0,0.7,True,success=1|official_bin=1000000,False,False,2.1,1.2247148721264234
graph:step38:gf-rl-v1-s325406140-t0,38,gf-rl-v1-s325406140-t0,1,True,0.95,1,1,1.0,1,1,1.0,0,0,0.0,0.7,True,success=1|official_bin=950000,True,False,2.05,0.0
graph:step38:gf-rl-v1-s325406140-t0,38,gf-rl-v1-s325406140-t0,2,True,0.95,1,1,1.0,1,1,1.0,0,0,0.0,0.7,True,success=1|official_bin=950000,True,False,2.05,0.0
graph:step38:gf-rl-v1-s325406140-t0,38,gf-rl-v1-s325406140-t0,3,True,0.9,1,1,1.0,1,1,1.0,0,0,0.0,0.7,True,success=1|official_bin=900000,False,False,2.0,-1.2247148721264125
graph:step38:gf-rl-v1-s849925139-t0,38,gf-rl-v1-s849925139-t0,0,False,0.45,0,0,0.0,0,0,0.0,0,0,0.0,0.0,False,success=0|official_bin=450000,False,False,0.45,-1.4999400023999034
graph:step38:gf-rl-v1-s849925139-t0,38,gf-rl-v1-s849925139-t0,1,False,0.5,0,0,0.0,0,0,0.0,0,0,0.0,0.0,False,success=0|official_bin=500000,False,False,0.5,0.4999800007999685
graph:step38:gf-rl-v1-s849925139-t0,38,gf-rl-v1-s849925139-t0,2,False,0.5,0,0,0.0,0,0,0.0,0,0,0.0,0.0,False,success=0|official_bin=500000,False,False,0.5,0.4999800007999685
graph:step38:gf-rl-v1-s849925139-t0,38,gf-rl-v1-s849925139-t0,3,False,0.5,0,0,0.0,0,0,0.0,0,0,0.0,0.0,False,success=0|official_bin=500000,False,False,0.5,0.4999800007999685
graph:step39:gf-rl-v1-s1631602134-t1,39,gf-rl-v1-s1631602134-t1,0,False,0.5,0,0,0.0,0,0,0.0,0,0,0.0,0.0,False,success=0|official_bin=500000,False,False,0.5,-1.4995749687954751
graph:step39:gf-rl-v1-s1631602134-t1,39,gf-rl-v1-s1631602134-t1,1,True,1.0,0,0,0.0,0,0,0.0,0,0,0.0,0.0,False,success=1|official_bin=1000000,False,False,2.5,0.5166602833665082
graph:step39:gf-rl-v1-s1631602134-t1,39,gf-rl-v1-s1631602134-t1,2,True,1.0,0,0,0.0,0,0,0.0,0,0,0.0,0.0,False,success=1|official_bin=1000000,False,False,2.5,0.5166602833665082
graph:step39:gf-rl-v1-s1631602134-t1,39,gf-rl-v1-s1631602134-t1,3,True,0.95,0,0,0.0,0,0,0.0,0,0,0.0,0.0,False,success=1|official_bin=950000,False,False,2.45,0.4662544020624588
graph:step39:gf-rl-v1-s581708042-t1,39,gf-rl-v1-s581708042-t1,0,False,0.0,0,0,0.0,0,0,0.0,0,0,0.0,0.0,False,success=0|official_bin=0,False,False,0.0,0.0
graph:step39:gf-rl-v1-s581708042-t1,39,gf-rl-v1-s581708042-t1,1,False,0.0,0,0,0.0,0,0,0.0,0,0,0.0,0.0,False,success=0|official_bin=0,False,False,0.0,0.0
graph:step39:gf-rl-v1-s581708042-t1,39,gf-rl-v1-s581708042-t1,2,False,0.0,0,0,0.0,0,0,0.0,0,0,0.0,0.0,False,success=0|official_bin=0,False,False,0.0,0.0
graph:step39:gf-rl-v1-s581708042-t1,39,gf-rl-v1-s581708042-t1,3,False,0.0,0,0,0.0,0,0,0.0,0,0,0.0,0.0,False,success=0|official_bin=0,False,False,0.0,0.0
graph:step3:gf-rl-v1-s1334011695-t1,3,gf-rl-v1-s1334011695-t1,0,False,0.5,0,0,0.0,0,0,0.0,0,0,0.0,0.0,False,success=0|official_bin=500000,False,False,0.5,-0.8658706850415949
graph:step3:gf-rl-v1-s1334011695-t1,3,gf-rl-v1-s1334011695-t1,1,False,0.5,0,0,0.0,0,0,0.0,0,0,0.0,0.0,False,success=0|official_bin=500000,False,False,0.5,-0.8658706850415949
graph:step3:gf-rl-v1-s1334011695-t1,3,gf-rl-v1-s1334011695-t1,2,True,0.95,0,0,0.0,0,0,0.0,0,0,0.0,0.0,False,success=1|official_bin=950000,False,False,2.4,0.8889605699760375
graph:step3:gf-rl-v1-s1334011695-t1,3,gf-rl-v1-s1334011695-t1,3,True,0.9,0,0,0.0,0,0,0.0,2,0,-0.0,0.0,True,success=1|official_bin=900000,False,False,2.35,0.8427808001071525
graph:step3:gf-rl-v1-s153108068-t1,3,gf-rl-v1-s153108068-t1,0,False,0.5,0,0,0.0,0,0,0.0,0,0,0.0,0.0,False,success=0|official_bin=500000,False,False,0.5,0.0
graph:step3:gf-rl-v1-s153108068-t1,3,gf-rl-v1-s153108068-t1,1,False,0.5,0,0,0.0,0,0,0.0,0,0,0.0,0.0,False,success=0|official_bin=500000,False,False,0.5,0.0
graph:step3:gf-rl-v1-s153108068-t1,3,gf-rl-v1-s153108068-t1,2,False,0.5,0,0,0.0,0,0,0.0,0,0,0.0,0.0,False,success=0|official_bin=500000,False,False,0.5,0.0
graph:step3:gf-rl-v1-s153108068-t1,3,gf-rl-v1-s153108068-t1,3,False,0.5,0,0,0.0,0,0,0.0,0,0,0.0,0.0,False,success=0|official_bin=500000,False,False,0.5,0.0
graph:step40:gf-rl-v1-s366861179-t0,40,gf-rl-v1-s366861179-t0,0,False,0.5,0,0,0.0,0,0,0.0,0,0,0.0,0.0,False,success=0|official_bin=500000,False,False,0.5,0.4999800007999685
graph:step40:gf-rl-v1-s366861179-t0,40,gf-rl-v1-s366861179-t0,1,False,0.5,0,0,0.0,0,0,0.0,0,0,0.0,0.0,False,success=0|official_bin=500000,False,False,0.5,0.4999800007999685
graph:step40:gf-rl-v1-s366861179-t0,40,gf-rl-v1-s366861179-t0,2,False,0.5,0,0,0.0,0,0,0.0,0,0,0.0,0.0,False,success=0|official_bin=500000,False,False,0.5,0.4999800007999685
graph:step40:gf-rl-v1-s366861179-t0,40,gf-rl-v1-s366861179-t0,3,False,0.45,0,0,0.0,0,0,0.0,0,0,0.0,0.0,False,success=0|official_bin=450000,False,False,0.45,-1.4999400023999034
graph:step40:gf-rl-v1-s663435151-t0,40,gf-rl-v1-s663435151-t0,0,False,0.5,0,0,0.0,0,0,0.0,0,0,0.0,0.0,False,success=0|official_bin=500000,False,False,0.5,-0.49999950000050003
graph:step40:gf-rl-v1-s663435151-t0,40,gf-rl-v1-s663435151-t0,1,False,0.5,0,0,0.0,0,0,0.0,0,0,0.0,0.0,False,success=0|official_bin=500000,False,False,0.5,-0.49999950000050003
graph:step40:gf-rl-v1-s663435151-t0,40,gf-rl-v1-s663435151-t0,2,False,0.5,0,0,0.0,0,0,0.0,0,0,0.0,0.0,False,success=0|official_bin=500000,False,False,0.5,-0.49999950000050003
graph:step40:gf-rl-v1-s663435151-t0,40,gf-rl-v1-s663435151-t0,3,True,1.0,0,0,0.0,0,0,0.0,0,0,0.0,0.0,False,success=1|official_bin=1000000,False,False,2.5,1.4999985000015001
graph:step41:gf-rl-v1-s1084548903-t0,41,gf-rl-v1-s1084548903-t0,0,True,1.0,0,0,0.0,0,0,0.0,0,0,0.0,0.0,False,success=1|official_bin=1000000,False,False,2.05,0.49998000079997695
graph:step41:gf-rl-v1-s1084548903-t0,41,gf-rl-v1-s1084548903-t0,1,True,1.0,0,0,0.0,0,0,0.0,0,0,0.0,0.0,False,success=1|official_bin=1000000,False,False,2.05,0.49998000079997695
graph:step41:gf-rl-v1-s1084548903-t0,41,gf-rl-v1-s1084548903-t0,2,True,1.0,0,0,0.0,0,0,0.0,0,0,0.0,0.0,False,success=1|official_bin=1000000,False,False,2.05,0.49998000079997695
graph:step41:gf-rl-v1-s1084548903-t0,41,gf-rl-v1-s1084548903-t0,3,True,0.95,0,0,0.0,0,0,0.0,0,0,0.0,0.0,False,success=1|official_bin=950000,False,False,2.0,-1.4999400023998952
graph:step41:gf-rl-v1-s739057612-t2,41,gf-rl-v1-s739057612-t2,0,False,0.5,0,0,0.0,0,0,0.0,0,0,0.0,0.0,False,success=0|official_bin=500000,False,False,0.5,0.0
graph:step41:gf-rl-v1-s739057612-t2,41,gf-rl-v1-s739057612-t2,1,False,0.5,0,0,0.0,0,0,0.0,0,0,0.0,0.0,False,success=0|official_bin=500000,False,False,0.5,0.0
graph:step41:gf-rl-v1-s739057612-t2,41,gf-rl-v1-s739057612-t2,2,False,0.5,0,0,0.0,0,0,0.0,0,0,0.0,0.0,False,success=0|official_bin=500000,False,False,0.5,0.0
graph:step41:gf-rl-v1-s739057612-t2,41,gf-rl-v1-s739057612-t2,3,False,0.5,0,0,0.0,0,0,0.0,0,0,0.0,0.0,False,success=0|official_bin=500000,False,False,0.5,0.0
graph:step42:gf-rl-v1-s1524509520-t1,42,gf-rl-v1-s1524509520-t1,0,False,0.5,0,0,0.0,0,0,0.0,0,0,0.0,0.0,False,success=0|official_bin=500000,False,False,0.5,0.0
graph:step42:gf-rl-v1-s1524509520-t1,42,gf-rl-v1-s1524509520-t1,1,False,0.5,0,0,0.0,0,0,0.0,0,0,0.0,0.0,False,success=0|official_bin=500000,False,False,0.5,0.0
graph:step42:gf-rl-v1-s1524509520-t1,42,gf-rl-v1-s1524509520-t1,2,False,0.5,1,0,0.0,0,0,0.0,0,0,0.0,0.0,True,success=0|official_bin=500000,True,False,0.5,0.0
graph:step42:gf-rl-v1-s1524509520-t1,42,gf-rl-v1-s1524509520-t1,3,False,0.5,1,0,0.0,0,0,0.0,0,0,0.0,0.0,True,success=0|official_bin=500000,True,False,0.5,0.0
graph:step42:gf-rl-v1-s769275162-t0,42,gf-rl-v1-s769275162-t0,0,False,0.5,0,0,0.0,0,0,0.0,0,0,0.0,0.0,False,success=0|official_bin=500000,False,False,0.5,0.0
graph:step42:gf-rl-v1-s769275162-t0,42,gf-rl-v1-s769275162-t0,1,False,0.5,0,0,0.0,0,0,0.0,0,0,0.0,0.0,False,success=0|official_bin=500000,False,False,0.5,0.0
graph:step42:gf-rl-v1-s769275162-t0,42,gf-rl-v1-s769275162-t0,2,False,0.5,0,0,0.0,0,0,0.0,0,0,0.0,0.0,False,success=0|official_bin=500000,False,False,0.5,0.0
graph:step42:gf-rl-v1-s769275162-t0,42,gf-rl-v1-s769275162-t0,3,False,0.5,0,0,0.0,0,0,0.0,0,0,0.0,0.0,False,success=0|official_bin=500000,False,False,0.5,0.0
graph:step43:gf-rl-v1-s1042436929-t2,43,gf-rl-v1-s1042436929-t2,0,False,0.5,0,0,0.0,0,0,0.0,0,0,0.0,0.0,False,success=0|official_bin=500000,False,False,0.5,-1.4999985000015001
graph:step43:gf-rl-v1-s1042436929-t2,43,gf-rl-v1-s1042436929-t2,1,True,1.0,0,0,0.0,0,0,0.0,0,0,0.0,0.0,False,success=1|official_bin=1000000,False,False,2.5,0.49999950000050003
graph:step43:gf-rl-v1-s1042436929-t2,43,gf-rl-v1-s1042436929-t2,2,True,1.0,0,0,0.0,0,0,0.0,0,0,0.0,0.0,False,success=1|official_bin=1000000,False,False,2.5,0.49999950000050003
graph:step43:gf-rl-v1-s1042436929-t2,43,gf-rl-v1-s1042436929-t2,3,True,1.0,0,0,0.0,0,0,0.0,0,0,0.0,0.0,False,success=1|official_bin=1000000,False,False,2.5,0.49999950000050003
graph:step43:gf-rl-v1-s1967752689-t1,43,gf-rl-v1-s1967752689-t1,0,False,0.5,0,0,0.0,0,0,0.0,0,0,0.0,0.0,False,success=0|official_bin=500000,False,False,0.5,0.0
graph:step43:gf-rl-v1-s1967752689-t1,43,gf-rl-v1-s1967752689-t1,1,False,0.5,0,0,0.0,0,0,0.0,0,0,0.0,0.0,False,success=0|official_bin=500000,False,False,0.5,0.0
graph:step43:gf-rl-v1-s1967752689-t1,43,gf-rl-v1-s1967752689-t1,2,False,0.5,0,0,0.0,0,0,0.0,0,0,0.0,0.0,False,success=0|official_bin=500000,False,False,0.5,0.0
graph:step43:gf-rl-v1-s1967752689-t1,43,gf-rl-v1-s1967752689-t1,3,False,0.5,0,0,0.0,0,0,0.0,0,0,0.0,0.0,False,success=0|official_bin=500000,False,False,0.5,0.0
graph:step44:gf-rl-v1-s1034776162-t0,44,gf-rl-v1-s1034776162-t0,0,False,0.0,0,0,0.0,0,0,0.0,0,0,0.0,0.0,False,success=0|official_bin=0,False,False,0.0,0.0
graph:step44:gf-rl-v1-s1034776162-t0,44,gf-rl-v1-s1034776162-t0,1,False,0.0,0,0,0.0,0,0,0.0,0,0,0.0,0.0,False,success=0|official_bin=0,False,False,0.0,0.0
graph:step44:gf-rl-v1-s1034776162-t0,44,gf-rl-v1-s1034776162-t0,2,False,0.0,0,0,0.0,0,0,0.0,0,0,0.0,0.0,False,success=0|official_bin=0,False,False,0.0,0.0
graph:step44:gf-rl-v1-s1034776162-t0,44,gf-rl-v1-s1034776162-t0,3,False,0.0,0,0,0.0,0,0,0.0,0,0,0.0,0.0,False,success=0|official_bin=0,False,False,0.0,0.0
graph:step44:gf-rl-v1-s1321419499-t0,44,gf-rl-v1-s1321419499-t0,0,False,0.5,0,0,0.0,0,0,0.0,0,0,0.0,0.0,False,success=0|official_bin=500000,False,False,0.5,0.4999800007999685
graph:step44:gf-rl-v1-s1321419499-t0,44,gf-rl-v1-s1321419499-t0,1,False,0.5,0,0,0.0,0,0,0.0,0,0,0.0,0.0,False,success=0|official_bin=500000,False,False,0.5,0.4999800007999685
graph:step44:gf-rl-v1-s1321419499-t0,44,gf-rl-v1-s1321419499-t0,2,False,0.5,0,0,0.0,0,0,0.0,0,0,0.0,0.0,False,success=0|official_bin=500000,False,False,0.5,0.4999800007999685
graph:step44:gf-rl-v1-s1321419499-t0,44,gf-rl-v1-s1321419499-t0,3,False,0.45,0,0,0.0,0,0,0.0,0,0,0.0,0.0,False,success=0|official_bin=450000,False,False,0.45,-1.4999400023999034
graph:step45:gf-rl-v1-s1405421927-t1,45,gf-rl-v1-s1405421927-t1,0,False,0.5,0,0,0.0,0,0,0.0,0,0,0.0,0.0,False,success=0|official_bin=500000,False,False,0.5,0.0
graph:step45:gf-rl-v1-s1405421927-t1,45,gf-rl-v1-s1405421927-t1,1,False,0.5,0,0,0.0,0,0,0.0,0,0,0.0,0.0,False,success=0|official_bin=500000,False,False,0.5,0.0
graph:step45:gf-rl-v1-s1405421927-t1,45,gf-rl-v1-s1405421927-t1,2,False,0.5,0,0,0.0,0,0,0.0,0,0,0.0,0.0,False,success=0|official_bin=500000,False,False,0.5,0.0
graph:step45:gf-rl-v1-s1405421927-t1,45,gf-rl-v1-s1405421927-t1,3,False,0.5,0,0,0.0,0,0,0.0,0,0,0.0,0.0,False,success=0|official_bin=500000,False,False,0.5,0.0
graph:step45:gf-rl-v1-s329981861-t0,45,gf-rl-v1-s329981861-t0,0,False,0.5,0,0,0.0,0,0,0.0,0,0,0.0,0.0,False,success=0|official_bin=500000,False,False,0.5,0.0
graph:step45:gf-rl-v1-s329981861-t0,45,gf-rl-v1-s329981861-t0,1,False,0.5,1,0,0.0,0,0,0.0,0,0,0.0,0.0,True,success=0|official_bin=500000,True,False,0.5,0.0
graph:step45:gf-rl-v1-s329981861-t0,45,gf-rl-v1-s329981861-t0,2,False,0.5,1,0,0.0,0,0,0.0,0,0,0.0,0.0,True,success=0|official_bin=500000,True,False,0.5,0.0
graph:step45:gf-rl-v1-s329981861-t0,45,gf-rl-v1-s329981861-t0,3,False,0.5,0,0,0.0,0,0,0.0,1,0,-0.0,0.0,True,success=0|official_bin=500000,True,False,0.5,0.0
graph:step46:gf-rl-v1-s1666100061-t0,46,gf-rl-v1-s1666100061-t0,0,False,0.5,0,0,0.0,0,0,0.0,1,1,-1.0,-0.1,True,success=0|official_bin=500000,True,True,0.475,-1.4998800095992344
graph:step46:gf-rl-v1-s1666100061-t0,46,gf-rl-v1-s1666100061-t0,1,False,0.5,0,0,0.0,0,0,0.0,1,0,-0.0,0.0,True,success=0|official_bin=500000,True,True,0.5,0.4999600031997418
graph:step46:gf-rl-v1-s1666100061-t0,46,gf-rl-v1-s1666100061-t0,2,False,0.5,0,0,0.0,0,0,0.0,0,0,0.0,0.0,False,success=0|official_bin=500000,False,True,0.5,0.4999600031997418
graph:step46:gf-rl-v1-s1666100061-t0,46,gf-rl-v1-s1666100061-t0,3,False,0.5,0,0,0.0,0,0,0.0,0,0,0.0,0.0,False,success=0|official_bin=500000,False,True,0.5,0.4999600031997418
graph:step46:gf-rl-v1-s665192277-t0,46,gf-rl-v1-s665192277-t0,0,False,0.5,0,0,0.0,0,0,0.0,0,0,0.0,0.0,False,success=0|official_bin=500000,False,False,0.5,0.0
graph:step46:gf-rl-v1-s665192277-t0,46,gf-rl-v1-s665192277-t0,1,False,0.5,0,0,0.0,0,0,0.0,0,0,0.0,0.0,False,success=0|official_bin=500000,False,False,0.5,0.0
graph:step46:gf-rl-v1-s665192277-t0,46,gf-rl-v1-s665192277-t0,2,False,0.5,0,0,0.0,0,0,0.0,0,0,0.0,0.0,False,success=0|official_bin=500000,False,False,0.5,0.0
graph:step46:gf-rl-v1-s665192277-t0,46,gf-rl-v1-s665192277-t0,3,False,0.5,0,0,0.0,0,0,0.0,0,0,0.0,0.0,False,success=0|official_bin=500000,False,False,0.5,0.0
graph:step47:gf-rl-v1-s1817154770-t1,47,gf-rl-v1-s1817154770-t1,0,False,0.5,0,0,0.0,0,0,0.0,0,0,0.0,0.0,False,success=0|official_bin=500000,False,False,0.5,-1.4999985000015001
graph:step47:gf-rl-v1-s1817154770-t1,47,gf-rl-v1-s1817154770-t1,1,True,1.0,0,0,0.0,0,0,0.0,0,0,0.0,0.0,False,success=1|official_bin=1000000,False,False,2.5,0.49999950000050003
graph:step47:gf-rl-v1-s1817154770-t1,47,gf-rl-v1-s1817154770-t1,2,True,1.0,0,0,0.0,0,0,0.0,0,0,0.0,0.0,False,success=1|official_bin=1000000,False,False,2.5,0.49999950000050003
graph:step47:gf-rl-v1-s1817154770-t1,47,gf-rl-v1-s1817154770-t1,3,True,1.0,0,0,0.0,0,0,0.0,0,0,0.0,0.0,False,success=1|official_bin=1000000,False,False,2.5,0.49999950000050003
graph:step47:gf-rl-v1-s769225956-t0,47,gf-rl-v1-s769225956-t0,0,False,0.5,0,0,0.0,0,0,0.0,0,0,0.0,0.0,False,success=0|official_bin=500000,False,False,0.5,0.4999800007999685
graph:step47:gf-rl-v1-s769225956-t0,47,gf-rl-v1-s769225956-t0,1,False,0.5,0,0,0.0,0,0,0.0,0,0,0.0,0.0,False,success=0|official_bin=500000,False,False,0.5,0.4999800007999685
graph:step47:gf-rl-v1-s769225956-t0,47,gf-rl-v1-s769225956-t0,2,False,0.5,0,0,0.0,0,0,0.0,0,0,0.0,0.0,False,success=0|official_bin=500000,False,False,0.5,0.4999800007999685
graph:step47:gf-rl-v1-s769225956-t0,47,gf-rl-v1-s769225956-t0,3,False,0.45,0,0,0.0,0,0,0.0,0,0,0.0,0.0,False,success=0|official_bin=450000,False,False,0.45,-1.4999400023999034
graph:step48:gf-rl-v1-s1579161048-t0,48,gf-rl-v1-s1579161048-t0,0,False,0.0,0,0,0.0,0,0,0.0,0,0,0.0,0.0,False,success=0|official_bin=0,False,False,0.0,-0.8555244852083661
graph:step48:gf-rl-v1-s1579161048-t0,48,gf-rl-v1-s1579161048-t0,1,False,0.0,0,0,0.0,0,0,0.0,0,0,0.0,0.0,False,success=0|official_bin=0,False,False,0.0,-0.8555244852083661
graph:step48:gf-rl-v1-s1579161048-t0,48,gf-rl-v1-s1579161048-t0,2,False,0.5,0,0,0.0,0,0,0.0,0,0,0.0,0.0,False,success=0|official_bin=500000,False,False,0.5,1.045641037476892
graph:step48:gf-rl-v1-s1579161048-t0,48,gf-rl-v1-s1579161048-t0,3,False,0.4,0,0,0.0,0,0,0.0,1,0,-0.0,0.0,True,success=0|official_bin=400000,False,False,0.4,0.6654079329398404
graph:step48:gf-rl-v1-s847202378-t0,48,gf-rl-v1-s847202378-t0,0,False,0.5,0,0,0.0,0,0,0.0,0,0,0.0,0.0,False,success=0|official_bin=500000,False,False,0.5,0.4999800007999685
graph:step48:gf-rl-v1-s847202378-t0,48,gf-rl-v1-s847202378-t0,1,False,0.5,0,0,0.0,0,0,0.0,0,0,0.0,0.0,False,success=0|official_bin=500000,False,False,0.5,0.4999800007999685
graph:step48:gf-rl-v1-s847202378-t0,48,gf-rl-v1-s847202378-t0,2,False,0.45,0,0,0.0,0,0,0.0,0,0,0.0,0.0,False,success=0|official_bin=450000,False,False,0.45,-1.4999400023999034
graph:step48:gf-rl-v1-s847202378-t0,48,gf-rl-v1-s847202378-t0,3,False,0.5,0,0,0.0,0,0,0.0,0,0,0.0,0.0,False,success=0|official_bin=500000,False,False,0.5,0.4999800007999685
graph:step49:gf-rl-v1-s1090948698-t1,49,gf-rl-v1-s1090948698-t1,0,True,1.0,0,0,0.0,0,0,0.0,0,0,0.0,0.0,False,success=1|official_bin=1000000,False,False,2.0,0.0
graph:step49:gf-rl-v1-s1090948698-t1,49,gf-rl-v1-s1090948698-t1,1,True,1.0,0,0,0.0,0,0,0.0,0,0,0.0,0.0,False,success=1|official_bin=1000000,False,False,2.0,0.0
graph:step49:gf-rl-v1-s1090948698-t1,49,gf-rl-v1-s1090948698-t1,2,True,1.0,0,0,0.0,0,0,0.0,0,0,0.0,0.0,False,success=1|official_bin=1000000,False,False,2.0,0.0
graph:step49:gf-rl-v1-s1090948698-t1,49,gf-rl-v1-s1090948698-t1,3,True,1.0,0,0,0.0,0,0,0.0,0,0,0.0,0.0,False,success=1|official_bin=1000000,False,False,2.0,0.0
graph:step49:gf-rl-v1-s314679521-t1,49,gf-rl-v1-s314679521-t1,0,False,0.0,0,0,0.0,0,0,0.0,0,0,0.0,0.0,False,success=0|official_bin=0,False,False,0.0,0.0
graph:step49:gf-rl-v1-s314679521-t1,49,gf-rl-v1-s314679521-t1,1,False,0.0,0,0,0.0,0,0,0.0,0,0,0.0,0.0,False,success=0|official_bin=0,False,False,0.0,0.0
graph:step49:gf-rl-v1-s314679521-t1,49,gf-rl-v1-s314679521-t1,2,False,0.0,0,0,0.0,0,0,0.0,0,0,0.0,0.0,False,success=0|official_bin=0,False,False,0.0,0.0
graph:step49:gf-rl-v1-s314679521-t1,49,gf-rl-v1-s314679521-t1,3,False,0.0,0,0,0.0,0,0,0.0,0,0,0.0,0.0,False,success=0|official_bin=0,False,False,0.0,0.0
graph:step4:gf-rl-v1-s1002862623-t0,4,gf-rl-v1-s1002862623-t0,0,False,0.45,1,0,0.0,0,0,0.0,0,0,0.0,0.0,True,success=0|official_bin=450000,False,False,0.45,-0.5370003419046013
graph:step4:gf-rl-v1-s1002862623-t0,4,gf-rl-v1-s1002862623-t0,1,False,0.5,2,1,0.5,1,1,1.0,0,0,0.0,0.5,True,success=0|official_bin=500000,True,True,0.50625,-0.48245177444250864
graph:step4:gf-rl-v1-s1002862623-t0,4,gf-rl-v1-s1002862623-t0,2,False,0.5,1,1,1.0,1,1,1.0,0,0,0.0,0.7,True,success=0|official_bin=500000,True,True,0.50875,-0.48002739366641556
graph:step4:gf-rl-v1-s1002862623-t0,4,gf-rl-v1-s1002862623-t0,3,True,1.0,2,2,1.0,2,2,1.0,0,0,0.0,0.7,True,success=1|official_bin=1000000,False,False,2.55,1.4994795100135256
graph:step4:gf-rl-v1-s1524509520-t0,4,gf-rl-v1-s1524509520-t0,0,True,1.0,0,0,0.0,0,0,0.0,0,0,0.0,0.0,False,success=1|official_bin=1000000,False,False,2.0,0.0
graph:step4:gf-rl-v1-s1524509520-t0,4,gf-rl-v1-s1524509520-t0,1,True,1.0,0,0,0.0,0,0,0.0,0,0,0.0,0.0,False,success=1|official_bin=1000000,False,False,2.0,0.0
graph:step4:gf-rl-v1-s1524509520-t0,4,gf-rl-v1-s1524509520-t0,2,True,1.0,0,0,0.0,0,0,0.0,0,0,0.0,0.0,False,success=1|official_bin=1000000,False,False,2.0,0.0
graph:step4:gf-rl-v1-s1524509520-t0,4,gf-rl-v1-s1524509520-t0,3,True,1.0,0,0,0.0,0,0,0.0,0,0,0.0,0.0,False,success=1|official_bin=1000000,False,False,2.0,0.0
graph:step50:gf-rl-v1-s1252053100-t0,50,gf-rl-v1-s1252053100-t0,0,False,0.5,0,0,0.0,0,0,0.0,0,0,0.0,0.0,False,success=0|official_bin=500000,False,False,0.5,-0.49999950000050003
graph:step50:gf-rl-v1-s1252053100-t0,50,gf-rl-v1-s1252053100-t0,1,False,0.5,0,0,0.0,0,0,0.0,0,0,0.0,0.0,False,success=0|official_bin=500000,False,False,0.5,-0.49999950000050003
graph:step50:gf-rl-v1-s1252053100-t0,50,gf-rl-v1-s1252053100-t0,2,False,0.5,0,0,0.0,0,0,0.0,0,0,0.0,0.0,False,success=0|official_bin=500000,False,False,0.5,-0.49999950000050003
graph:step50:gf-rl-v1-s1252053100-t0,50,gf-rl-v1-s1252053100-t0,3,True,1.0,0,0,0.0,0,0,0.0,0,0,0.0,0.0,False,success=1|official_bin=1000000,False,False,2.5,1.4999985000015001
graph:step50:gf-rl-v1-s436815855-t1,50,gf-rl-v1-s436815855-t1,0,False,0.5,0,0,0.0,0,0,0.0,0,0,0.0,0.0,False,success=0|official_bin=500000,False,False,0.5,-1.4999984210542934
graph:step50:gf-rl-v1-s436815855-t1,50,gf-rl-v1-s436815855-t1,1,True,0.95,0,0,0.0,0,0,0.0,0,0,0.0,0.0,False,success=1|official_bin=950000,False,False,2.4,0.49999947368476466
graph:step50:gf-rl-v1-s436815855-t1,50,gf-rl-v1-s436815855-t1,2,True,0.95,0,0,0.0,0,0,0.0,0,0,0.0,0.0,False,success=1|official_bin=950000,False,False,2.4,0.49999947368476466
graph:step50:gf-rl-v1-s436815855-t1,50,gf-rl-v1-s436815855-t1,3,True,0.95,0,0,0.0,0,0,0.0,0,0,0.0,0.0,False,success=1|official_bin=950000,False,False,2.4,0.49999947368476466
graph:step51:gf-rl-v1-s1570873624-t1,51,gf-rl-v1-s1570873624-t1,0,False,0.5,0,0,0.0,0,0,0.0,0,0,0.0,0.0,False,success=0|official_bin=500000,False,False,0.5,0.0
graph:step51:gf-rl-v1-s1570873624-t1,51,gf-rl-v1-s1570873624-t1,1,False,0.5,0,0,0.0,0,0,0.0,0,0,0.0,0.0,False,success=0|official_bin=500000,False,False,0.5,0.0
graph:step51:gf-rl-v1-s1570873624-t1,51,gf-rl-v1-s1570873624-t1,2,False,0.5,0,0,0.0,0,0,0.0,0,0,0.0,0.0,False,success=0|official_bin=500000,False,False,0.5,0.0
graph:step51:gf-rl-v1-s1570873624-t1,51,gf-rl-v1-s1570873624-t1,3,False,0.5,0,0,0.0,0,0,0.0,0,0,0.0,0.0,False,success=0|official_bin=500000,False,False,0.5,0.0
graph:step51:gf-rl-v1-s780025183-t0,51,gf-rl-v1-s780025183-t0,0,False,0.5,0,0,0.0,0,0,0.0,0,0,0.0,0.0,False,success=0|official_bin=500000,False,False,0.5,-0.8660246537850883
graph:step51:gf-rl-v1-s780025183-t0,51,gf-rl-v1-s780025183-t0,1,True,1.0,0,0,0.0,0,0,0.0,0,0,0.0,0.0,False,success=1|official_bin=1000000,False,False,2.5,0.8660246537850883
graph:step51:gf-rl-v1-s780025183-t0,51,gf-rl-v1-s780025183-t0,2,True,1.0,0,0,0.0,0,0,0.0,0,0,0.0,0.0,False,success=1|official_bin=1000000,False,False,2.5,0.8660246537850883
graph:step51:gf-rl-v1-s780025183-t0,51,gf-rl-v1-s780025183-t0,3,False,0.5,0,0,0.0,0,0,0.0,0,0,0.0,0.0,False,success=0|official_bin=500000,False,False,0.5,-0.8660246537850883
graph:step52:gf-rl-v1-s1896759331-t0,52,gf-rl-v1-s1896759331-t0,0,False,0.45,0,0,0.0,0,0,0.0,0,0,0.0,0.0,False,success=0|official_bin=450000,False,False,0.45,-0.8659954048236321
graph:step52:gf-rl-v1-s1896759331-t0,52,gf-rl-v1-s1896759331-t0,1,False,0.5,0,0,0.0,0,0,0.0,0,0,0.0,0.0,False,success=0|official_bin=500000,False,False,0.5,0.8659954048236341
graph:step52:gf-rl-v1-s1896759331-t0,52,gf-rl-v1-s1896759331-t0,2,False,0.5,0,0,0.0,0,0,0.0,0,0,0.0,0.0,False,success=0|official_bin=500000,False,False,0.5,0.8659954048236341
graph:step52:gf-rl-v1-s1896759331-t0,52,gf-rl-v1-s1896759331-t0,3,False,0.45,0,0,0.0,0,0,0.0,0,0,0.0,0.0,False,success=0|official_bin=450000,False,False,0.45,-0.8659954048236321
graph:step52:gf-rl-v1-s922091521-t0,52,gf-rl-v1-s922091521-t0,0,True,1.0,0,0,0.0,0,0,0.0,0,0,0.0,0.0,False,success=1|official_bin=1000000,False,False,2.55,0.5158674595972009
graph:step52:gf-rl-v1-s922091521-t0,52,gf-rl-v1-s922091521-t0,1,True,1.0,0,0,0.0,0,0,0.0,0,0,0.0,0.0,False,success=1|official_bin=1000000,False,False,2.55,0.5158674595972009
graph:step52:gf-rl-v1-s922091521-t0,52,gf-rl-v1-s922091521-t0,2,True,0.95,0,0,0.0,0,0,0.0,0,0,0.0,0.0,False,success=1|official_bin=950000,False,False,2.5,0.46787978893699633
graph:step52:gf-rl-v1-s922091521-t0,52,gf-rl-v1-s922091521-t0,3,False,0.45,0,0,0.0,0,0,0.0,1,0,-0.0,0.0,True,success=0|official_bin=450000,False,False,0.45,-1.4996147081313975
graph:step53:gf-rl-v1-s924096046-t0,53,gf-rl-v1-s924096046-t0,0,False,0.5,0,0,0.0,0,0,0.0,0,0,0.0,0.0,False,success=0|official_bin=500000,False,False,0.5,-0.8660246537850883
graph:step53:gf-rl-v1-s924096046-t0,53,gf-rl-v1-s924096046-t0,1,False,0.5,0,0,0.0,0,0,0.0,0,0,0.0,0.0,False,success=0|official_bin=500000,False,False,0.5,-0.8660246537850883
graph:step53:gf-rl-v1-s924096046-t0,53,gf-rl-v1-s924096046-t0,2,True,1.0,0,0,0.0,0,0,0.0,0,0,0.0,0.0,False,success=1|official_bin=1000000,False,False,2.5,0.8660246537850883
graph:step53:gf-rl-v1-s924096046-t0,53,gf-rl-v1-s924096046-t0,3,True,1.0,0,0,0.0,0,0,0.0,0,0,0.0,0.0,False,success=1|official_bin=1000000,False,False,2.5,0.8660246537850883
graph:step53:gf-rl-v1-s966029525-t0,53,gf-rl-v1-s966029525-t0,0,False,0.0,0,0,0.0,0,0,0.0,0,0,0.0,0.0,False,success=0|official_bin=0,False,True,0.0,-1.499982857338773
graph:step53:gf-rl-v1-s966029525-t0,53,gf-rl-v1-s966029525-t0,1,False,0.0,1,1,1.0,1,1,1.0,0,0,0.0,0.7,True,success=0|official_bin=0,True,True,0.175,0.49999428577959126
graph:step53:gf-rl-v1-s966029525-t0,53,gf-rl-v1-s966029525-t0,2,False,0.0,1,1,1.0,1,1,1.0,0,0,0.0,0.7,True,success=0|official_bin=0,True,True,0.175,0.49999428577959126
graph:step53:gf-rl-v1-s966029525-t0,53,gf-rl-v1-s966029525-t0,3,False,0.0,1,1,1.0,1,1,1.0,0,0,0.0,0.7,True,success=0|official_bin=0,True,True,0.175,0.49999428577959126
graph:step54:gf-rl-v1-s1947124596-t0,54,gf-rl-v1-s1947124596-t0,0,False,0.45,0,0,0.0,0,0,0.0,0,0,0.0,0.0,False,success=0|official_bin=450000,False,False,0.45,-0.8659954048236321
graph:step54:gf-rl-v1-s1947124596-t0,54,gf-rl-v1-s1947124596-t0,1,False,0.5,0,0,0.0,0,0,0.0,0,0,0.0,0.0,False,success=0|official_bin=500000,False,False,0.5,0.8659954048236341
graph:step54:gf-rl-v1-s1947124596-t0,54,gf-rl-v1-s1947124596-t0,2,False,0.5,0,0,0.0,0,0,0.0,0,0,0.0,0.0,False,success=0|official_bin=500000,False,False,0.5,0.8659954048236341
graph:step54:gf-rl-v1-s1947124596-t0,54,gf-rl-v1-s1947124596-t0,3,False,0.45,0,0,0.0,0,0,0.0,0,0,0.0,0.0,False,success=0|official_bin=450000,False,False,0.45,-0.8659954048236321
graph:step54:gf-rl-v1-s667065394-t0,54,gf-rl-v1-s667065394-t0,0,False,0.5,0,0,0.0,0,0,0.0,0,0,0.0,0.0,False,success=0|official_bin=500000,False,False,0.5,0.0
graph:step54:gf-rl-v1-s667065394-t0,54,gf-rl-v1-s667065394-t0,1,False,0.5,0,0,0.0,0,0,0.0,0,0,0.0,0.0,False,success=0|official_bin=500000,False,False,0.5,0.0
graph:step54:gf-rl-v1-s667065394-t0,54,gf-rl-v1-s667065394-t0,2,False,0.5,0,0,0.0,0,0,0.0,0,0,0.0,0.0,False,success=0|official_bin=500000,False,False,0.5,0.0
graph:step54:gf-rl-v1-s667065394-t0,54,gf-rl-v1-s667065394-t0,3,False,0.5,0,0,0.0,0,0,0.0,0,0,0.0,0.0,False,success=0|official_bin=500000,False,False,0.5,0.0
graph:step55:gf-rl-v1-s776526628-t0,55,gf-rl-v1-s776526628-t0,0,False,0.5,0,0,0.0,0,0,0.0,0,0,0.0,0.0,False,success=0|official_bin=500000,False,False,0.5,0.0
graph:step55:gf-rl-v1-s776526628-t0,55,gf-rl-v1-s776526628-t0,1,False,0.5,0,0,0.0,0,0,0.0,0,0,0.0,0.0,False,success=0|official_bin=500000,False,False,0.5,0.0
graph:step55:gf-rl-v1-s776526628-t0,55,gf-rl-v1-s776526628-t0,2,False,0.5,0,0,0.0,0,0,0.0,0,0,0.0,0.0,False,success=0|official_bin=500000,False,False,0.5,0.0
graph:step55:gf-rl-v1-s776526628-t0,55,gf-rl-v1-s776526628-t0,3,False,0.5,0,0,0.0,0,0,0.0,0,0,0.0,0.0,False,success=0|official_bin=500000,False,False,0.5,0.0
graph:step55:gf-rl-v1-s939237944-t4,55,gf-rl-v1-s939237944-t4,0,True,1.0,0,0,0.0,0,0,0.0,0,0,0.0,0.0,False,success=1|official_bin=1000000,False,False,2.55,0.8660246894993135
graph:step55:gf-rl-v1-s939237944-t4,55,gf-rl-v1-s939237944-t4,1,True,1.0,0,0,0.0,0,0,0.0,0,0,0.0,0.0,False,success=1|official_bin=1000000,False,False,2.55,0.8660246894993135
graph:step55:gf-rl-v1-s939237944-t4,55,gf-rl-v1-s939237944-t4,2,False,0.45,0,0,0.0,0,0,0.0,0,0,0.0,0.0,False,success=0|official_bin=450000,False,False,0.45,-0.8660246894993137
graph:step55:gf-rl-v1-s939237944-t4,55,gf-rl-v1-s939237944-t4,3,False,0.45,0,0,0.0,0,0,0.0,0,0,0.0,0.0,False,success=0|official_bin=450000,False,False,0.45,-0.8660246894993137
graph:step56:gf-rl-v1-s314679521-t0,56,gf-rl-v1-s314679521-t0,0,True,1.0,0,0,0.0,0,0,0.0,0,0,0.0,0.0,False,success=1|official_bin=1000000,False,False,2.0,0.0
graph:step56:gf-rl-v1-s314679521-t0,56,gf-rl-v1-s314679521-t0,1,True,1.0,0,0,0.0,0,0,0.0,0,0,0.0,0.0,False,success=1|official_bin=1000000,False,False,2.0,0.0
graph:step56:gf-rl-v1-s314679521-t0,56,gf-rl-v1-s314679521-t0,2,True,1.0,0,0,0.0,0,0,0.0,0,0,0.0,0.0,False,success=1|official_bin=1000000,False,False,2.0,0.0
graph:step56:gf-rl-v1-s314679521-t0,56,gf-rl-v1-s314679521-t0,3,True,1.0,0,0,0.0,0,0,0.0,0,0,0.0,0.0,False,success=1|official_bin=1000000,False,False,2.0,0.0
graph:step56:gf-rl-v1-s361559007-t0,56,gf-rl-v1-s361559007-t0,0,False,0.5,0,0,0.0,0,0,0.0,0,0,0.0,0.0,False,success=0|official_bin=500000,False,False,0.5,0.0
graph:step56:gf-rl-v1-s361559007-t0,56,gf-rl-v1-s361559007-t0,1,False,0.5,0,0,0.0,0,0,0.0,0,0,0.0,0.0,False,success=0|official_bin=500000,False,False,0.5,0.0
graph:step56:gf-rl-v1-s361559007-t0,56,gf-rl-v1-s361559007-t0,2,False,0.5,0,0,0.0,0,0,0.0,0,0,0.0,0.0,False,success=0|official_bin=500000,False,False,0.5,0.0
graph:step56:gf-rl-v1-s361559007-t0,56,gf-rl-v1-s361559007-t0,3,False,0.5,0,0,0.0,0,0,0.0,0,0,0.0,0.0,False,success=0|official_bin=500000,False,False,0.5,0.0
graph:step57:gf-rl-v1-s1464418740-t0,57,gf-rl-v1-s1464418740-t0,0,False,0.0,0,0,0.0,0,0,0.0,0,0,0.0,0.0,False,success=0|official_bin=0,False,False,0.0,0.0
graph:step57:gf-rl-v1-s1464418740-t0,57,gf-rl-v1-s1464418740-t0,1,False,0.0,0,0,0.0,0,0,0.0,0,0,0.0,0.0,False,success=0|official_bin=0,False,False,0.0,0.0
graph:step57:gf-rl-v1-s1464418740-t0,57,gf-rl-v1-s1464418740-t0,2,False,0.0,0,0,0.0,0,0,0.0,0,0,0.0,0.0,False,success=0|official_bin=0,False,False,0.0,0.0
graph:step57:gf-rl-v1-s1464418740-t0,57,gf-rl-v1-s1464418740-t0,3,False,0.0,0,0,0.0,0,0,0.0,0,0,0.0,0.0,False,success=0|official_bin=0,False,False,0.0,0.0
graph:step57:gf-rl-v1-s1875767174-t1,57,gf-rl-v1-s1875767174-t1,0,False,0.0,0,0,0.0,0,0,0.0,0,0,0.0,0.0,False,success=0|official_bin=0,False,False,0.0,0.0
graph:step57:gf-rl-v1-s1875767174-t1,57,gf-rl-v1-s1875767174-t1,1,False,0.0,0,0,0.0,0,0,0.0,0,0,0.0,0.0,False,success=0|official_bin=0,False,False,0.0,0.0
graph:step57:gf-rl-v1-s1875767174-t1,57,gf-rl-v1-s1875767174-t1,2,False,0.0,0,0,0.0,0,0,0.0,0,0,0.0,0.0,False,success=0|official_bin=0,False,False,0.0,0.0
graph:step57:gf-rl-v1-s1875767174-t1,57,gf-rl-v1-s1875767174-t1,3,False,0.0,0,0,0.0,0,0,0.0,0,0,0.0,0.0,False,success=0|official_bin=0,False,False,0.0,0.0
graph:step58:gf-rl-v1-s1020890767-t0,58,gf-rl-v1-s1020890767-t0,0,False,0.5,0,0,0.0,0,0,0.0,0,0,0.0,0.0,False,success=0|official_bin=500000,False,False,0.5,-1.4995749687954751
graph:step58:gf-rl-v1-s1020890767-t0,58,gf-rl-v1-s1020890767-t0,1,True,1.0,0,0,0.0,0,0,0.0,0,0,0.0,0.0,False,success=1|official_bin=1000000,False,False,2.5,0.5166602833665082
graph:step58:gf-rl-v1-s1020890767-t0,58,gf-rl-v1-s1020890767-t0,2,True,1.0,0,0,0.0,0,0,0.0,0,0,0.0,0.0,False,success=1|official_bin=1000000,False,False,2.5,0.5166602833665082
graph:step58:gf-rl-v1-s1020890767-t0,58,gf-rl-v1-s1020890767-t0,3,True,0.95,0,0,0.0,0,0,0.0,1,0,-0.0,0.0,True,success=1|official_bin=950000,False,False,2.45,0.4662544020624588
graph:step58:gf-rl-v1-s605162090-t0,58,gf-rl-v1-s605162090-t0,0,False,0.0,0,0,0.0,0,0,0.0,0,0,0.0,0.0,False,success=0|official_bin=0,False,False,0.0,0.0
graph:step58:gf-rl-v1-s605162090-t0,58,gf-rl-v1-s605162090-t0,1,False,0.0,0,0,0.0,0,0,0.0,0,0,0.0,0.0,False,success=0|official_bin=0,False,False,0.0,0.0
graph:step58:gf-rl-v1-s605162090-t0,58,gf-rl-v1-s605162090-t0,2,False,0.0,0,0,0.0,0,0,0.0,0,0,0.0,0.0,False,success=0|official_bin=0,False,False,0.0,0.0
graph:step58:gf-rl-v1-s605162090-t0,58,gf-rl-v1-s605162090-t0,3,False,0.0,0,0,0.0,0,0,0.0,0,0,0.0,0.0,False,success=0|official_bin=0,False,False,0.0,0.0
graph:step59:gf-rl-v1-s523663055-t1,59,gf-rl-v1-s523663055-t1,0,True,1.0,0,0,0.0,0,0,0.0,0,0,0.0,0.0,False,success=1|official_bin=1000000,False,False,2.0,0.0
graph:step59:gf-rl-v1-s523663055-t1,59,gf-rl-v1-s523663055-t1,1,True,1.0,0,0,0.0,0,0,0.0,0,0,0.0,0.0,False,success=1|official_bin=1000000,False,False,2.0,0.0
graph:step59:gf-rl-v1-s523663055-t1,59,gf-rl-v1-s523663055-t1,2,True,1.0,0,0,0.0,0,0,0.0,0,0,0.0,0.0,False,success=1|official_bin=1000000,False,False,2.0,0.0
graph:step59:gf-rl-v1-s523663055-t1,59,gf-rl-v1-s523663055-t1,3,True,1.0,0,0,0.0,0,0,0.0,0,0,0.0,0.0,False,success=1|official_bin=1000000,False,False,2.0,0.0
graph:step59:gf-rl-v1-s811730297-t2,59,gf-rl-v1-s811730297-t2,0,False,0.0,0,0,0.0,0,0,0.0,0,0,0.0,0.0,False,success=0|official_bin=0,False,False,0.0,0.0
graph:step59:gf-rl-v1-s811730297-t2,59,gf-rl-v1-s811730297-t2,1,False,0.0,0,0,0.0,0,0,0.0,0,0,0.0,0.0,False,success=0|official_bin=0,False,False,0.0,0.0
graph:step59:gf-rl-v1-s811730297-t2,59,gf-rl-v1-s811730297-t2,2,False,0.0,0,0,0.0,0,0,0.0,0,0,0.0,0.0,False,success=0|official_bin=0,False,False,0.0,0.0
graph:step59:gf-rl-v1-s811730297-t2,59,gf-rl-v1-s811730297-t2,3,False,0.0,0,0,0.0,0,0,0.0,0,0,0.0,0.0,False,success=0|official_bin=0,False,False,0.0,0.0
graph:step5:gf-rl-v1-s1771263321-t1,5,gf-rl-v1-s1771263321-t1,0,False,0.0,0,0,0.0,0,0,0.0,0,0,0.0,0.0,False,success=0|official_bin=0,False,False,0.0,0.0
graph:step5:gf-rl-v1-s1771263321-t1,5,gf-rl-v1-s1771263321-t1,1,False,0.0,0,0,0.0,0,0,0.0,0,0,0.0,0.0,False,success=0|official_bin=0,False,False,0.0,0.0
graph:step5:gf-rl-v1-s1771263321-t1,5,gf-rl-v1-s1771263321-t1,2,False,0.0,0,0,0.0,0,0,0.0,0,0,0.0,0.0,False,success=0|official_bin=0,False,False,0.0,0.0
graph:step5:gf-rl-v1-s1771263321-t1,5,gf-rl-v1-s1771263321-t1,3,False,0.0,0,0,0.0,0,0,0.0,0,0,0.0,0.0,False,success=0|official_bin=0,False,False,0.0,0.0
graph:step5:gf-rl-v1-s743440354-t0,5,gf-rl-v1-s743440354-t0,0,True,1.0,0,0,0.0,0,0,0.0,0,0,0.0,0.0,False,success=1|official_bin=1000000,False,False,2.55,0.49999952380997736
graph:step5:gf-rl-v1-s743440354-t0,5,gf-rl-v1-s743440354-t0,1,True,1.0,0,0,0.0,0,0,0.0,0,0,0.0,0.0,False,success=1|official_bin=1000000,False,False,2.55,0.49999952380997736
graph:step5:gf-rl-v1-s743440354-t0,5,gf-rl-v1-s743440354-t0,2,True,1.0,0,0,0.0,0,0,0.0,0,0,0.0,0.0,False,success=1|official_bin=1000000,False,False,2.55,0.49999952380997736
graph:step5:gf-rl-v1-s743440354-t0,5,gf-rl-v1-s743440354-t0,3,False,0.45,0,0,0.0,0,0,0.0,0,0,0.0,0.0,False,success=0|official_bin=450000,False,False,0.45,-1.4999985714299322
graph:step60:gf-rl-v1-s271614896-t0,60,gf-rl-v1-s271614896-t0,0,False,0.45,0,0,0.0,0,0,0.0,0,0,0.0,0.0,False,success=0|official_bin=450000,False,False,0.45,-1.4999400023999034
graph:step60:gf-rl-v1-s271614896-t0,60,gf-rl-v1-s271614896-t0,1,False,0.5,0,0,0.0,0,0,0.0,0,0,0.0,0.0,False,success=0|official_bin=500000,False,False,0.5,0.4999800007999685
graph:step60:gf-rl-v1-s271614896-t0,60,gf-rl-v1-s271614896-t0,2,False,0.5,0,0,0.0,0,0,0.0,0,0,0.0,0.0,False,success=0|official_bin=500000,False,False,0.5,0.4999800007999685
graph:step60:gf-rl-v1-s271614896-t0,60,gf-rl-v1-s271614896-t0,3,False,0.5,0,0,0.0,0,0,0.0,0,0,0.0,0.0,False,success=0|official_bin=500000,False,False,0.5,0.4999800007999685
graph:step60:gf-rl-v1-s67539177-t1,60,gf-rl-v1-s67539177-t1,0,False,0.5,0,0,0.0,0,0,0.0,0,0,0.0,0.0,False,success=0|official_bin=500000,False,False,0.5,0.4999800007999685
graph:step60:gf-rl-v1-s67539177-t1,60,gf-rl-v1-s67539177-t1,1,False,0.5,0,0,0.0,0,0,0.0,0,0,0.0,0.0,False,success=0|official_bin=500000,False,False,0.5,0.4999800007999685
graph:step60:gf-rl-v1-s67539177-t1,60,gf-rl-v1-s67539177-t1,2,False,0.45,0,0,0.0,0,0,0.0,0,0,0.0,0.0,False,success=0|official_bin=450000,False,False,0.45,-1.4999400023999034
graph:step60:gf-rl-v1-s67539177-t1,60,gf-rl-v1-s67539177-t1,3,False,0.5,0,0,0.0,0,0,0.0,0,0,0.0,0.0,False,success=0|official_bin=500000,False,False,0.5,0.4999800007999685
graph:step61:gf-rl-v1-s1959067817-t0,61,gf-rl-v1-s1959067817-t0,0,False,0.0,0,0,0.0,0,0,0.0,0,0,0.0,0.0,False,success=0|official_bin=0,False,False,0.0,-0.49999800000800004
graph:step61:gf-rl-v1-s1959067817-t0,61,gf-rl-v1-s1959067817-t0,1,False,0.0,0,0,0.0,0,0,0.0,0,0,0.0,0.0,False,success=0|official_bin=0,False,False,0.0,-0.49999800000800004
graph:step61:gf-rl-v1-s1959067817-t0,61,gf-rl-v1-s1959067817-t0,2,False,0.0,0,0,0.0,0,0,0.0,0,0,0.0,0.0,False,success=0|official_bin=0,False,False,0.0,-0.49999800000800004
graph:step61:gf-rl-v1-s1959067817-t0,61,gf-rl-v1-s1959067817-t0,3,False,0.5,0,0,0.0,0,0,0.0,0,0,0.0,0.0,False,success=0|official_bin=500000,False,False,0.5,1.499994000024
graph:step61:gf-rl-v1-s436413513-t0,61,gf-rl-v1-s436413513-t0,0,False,0.5,0,0,0.0,0,0,0.0,0,0,0.0,0.0,False,success=0|official_bin=500000,False,False,0.5,0.0
graph:step61:gf-rl-v1-s436413513-t0,61,gf-rl-v1-s436413513-t0,1,False,0.5,0,0,0.0,0,0,0.0,0,0,0.0,0.0,False,success=0|official_bin=500000,False,False,0.5,0.0
graph:step61:gf-rl-v1-s436413513-t0,61,gf-rl-v1-s436413513-t0,2,False,0.5,1,0,0.0,0,0,0.0,0,0,0.0,0.0,True,success=0|official_bin=500000,True,False,0.5,0.0
graph:step61:gf-rl-v1-s436413513-t0,61,gf-rl-v1-s436413513-t0,3,False,0.5,1,0,0.0,0,0,0.0,0,0,0.0,0.0,True,success=0|official_bin=500000,True,False,0.5,0.0
graph:step62:gf-rl-v1-s1169307279-t0,62,gf-rl-v1-s1169307279-t0,0,False,0.45,0,0,0.0,0,0,0.0,0,0,0.0,0.0,False,success=0|official_bin=450000,False,False,0.45,-0.5337444535290092
graph:step62:gf-rl-v1-s1169307279-t0,62,gf-rl-v1-s1169307279-t0,1,False,0.5,1,0,0.0,0,0,0.0,0,0,0.0,0.0,True,success=0|official_bin=500000,True,False,0.5,-0.48291164843100826
graph:step62:gf-rl-v1-s1169307279-t0,62,gf-rl-v1-s1169307279-t0,2,False,0.5,1,0,0.0,0,0,0.0,0,0,0.0,0.0,True,success=0|official_bin=500000,True,False,0.5,-0.48291164843100826
graph:step62:gf-rl-v1-s1169307279-t0,62,gf-rl-v1-s1169307279-t0,3,True,0.95,1,1,1.0,1,1,1.0,0,0,0.0,0.7,True,success=1|official_bin=950000,False,False,2.45,1.4995677503910254
graph:step62:gf-rl-v1-s1995132169-t1,62,gf-rl-v1-s1995132169-t1,0,False,0.5,0,0,0.0,0,0,0.0,0,0,0.0,0.0,False,success=0|official_bin=500000,False,False,0.5,-0.49999950000050003
graph:step62:gf-rl-v1-s1995132169-t1,62,gf-rl-v1-s1995132169-t1,1,False,0.5,0,0,0.0,0,0,0.0,0,0,0.0,0.0,False,success=0|official_bin=500000,False,False,0.5,-0.49999950000050003
graph:step62:gf-rl-v1-s1995132169-t1,62,gf-rl-v1-s1995132169-t1,2,True,1.0,0,0,0.0,0,0,0.0,0,0,0.0,0.0,False,success=1|official_bin=1000000,False,False,2.5,1.4999985000015001
graph:step62:gf-rl-v1-s1995132169-t1,62,gf-rl-v1-s1995132169-t1,3,False,0.5,0,0,0.0,0,0,0.0,0,0,0.0,0.0,False,success=0|official_bin=500000,False,False,0.5,-0.49999950000050003
graph:step63:gf-rl-v1-s769459299-t3,63,gf-rl-v1-s769459299-t3,0,True,1.0,0,0,0.0,0,0,0.0,0,0,0.0,0.0,False,success=1|official_bin=1000000,False,False,2.0,0.0
graph:step63:gf-rl-v1-s769459299-t3,63,gf-rl-v1-s769459299-t3,1,True,1.0,0,0,0.0,0,0,0.0,0,0,0.0,0.0,False,success=1|official_bin=1000000,False,False,2.0,0.0
graph:step63:gf-rl-v1-s769459299-t3,63,gf-rl-v1-s769459299-t3,2,True,1.0,0,0,0.0,0,0,0.0,0,0,0.0,0.0,False,success=1|official_bin=1000000,False,False,2.0,0.0
graph:step63:gf-rl-v1-s769459299-t3,63,gf-rl-v1-s769459299-t3,3,True,1.0,0,0,0.0,0,0,0.0,0,0,0.0,0.0,False,success=1|official_bin=1000000,False,False,2.0,0.0
graph:step63:gf-rl-v1-s96255132-t0,63,gf-rl-v1-s96255132-t0,0,True,1.0,0,0,0.0,0,0,0.0,0,0,0.0,0.0,False,success=1|official_bin=1000000,False,False,2.0,0.0
graph:step63:gf-rl-v1-s96255132-t0,63,gf-rl-v1-s96255132-t0,1,True,1.0,0,0,0.0,0,0,0.0,0,0,0.0,0.0,False,success=1|official_bin=1000000,False,False,2.0,0.0
graph:step63:gf-rl-v1-s96255132-t0,63,gf-rl-v1-s96255132-t0,2,True,1.0,0,0,0.0,0,0,0.0,0,0,0.0,0.0,False,success=1|official_bin=1000000,False,False,2.0,0.0
graph:step63:gf-rl-v1-s96255132-t0,63,gf-rl-v1-s96255132-t0,3,True,1.0,0,0,0.0,0,0,0.0,0,0,0.0,0.0,False,success=1|official_bin=1000000,False,False,2.0,0.0
graph:step64:gf-rl-v1-s1331642425-t0,64,gf-rl-v1-s1331642425-t0,0,False,0.4,0,0,0.0,0,0,0.0,0,0,0.0,0.0,False,success=0|official_bin=400000,False,False,0.4,-0.8658989971313877
graph:step64:gf-rl-v1-s1331642425-t0,64,gf-rl-v1-s1331642425-t0,1,True,0.95,0,0,0.0,0,0,0.0,0,0,0.0,0.0,False,success=1|official_bin=950000,False,False,2.5,0.8867640332068428
graph:step64:gf-rl-v1-s1331642425-t0,64,gf-rl-v1-s1331642425-t0,2,False,0.4,0,0,0.0,0,0,0.0,0,0,0.0,0.0,False,success=0|official_bin=400000,False,False,0.4,-0.8658989971313877
graph:step64:gf-rl-v1-s1331642425-t0,64,gf-rl-v1-s1331642425-t0,3,True,0.9,0,0,0.0,0,0,0.0,0,0,0.0,0.0,False,success=1|official_bin=900000,False,False,2.4499999999999997,0.8450339610559323
graph:step64:gf-rl-v1-s1973471102-t1,64,gf-rl-v1-s1973471102-t1,0,False,0.5,0,0,0.0,0,0,0.0,0,0,0.0,0.0,False,success=0|official_bin=500000,False,False,0.5,0.0
graph:step64:gf-rl-v1-s1973471102-t1,64,gf-rl-v1-s1973471102-t1,1,False,0.5,0,0,0.0,0,0,0.0,0,0,0.0,0.0,False,success=0|official_bin=500000,False,False,0.5,0.0
graph:step64:gf-rl-v1-s1973471102-t1,64,gf-rl-v1-s1973471102-t1,2,False,0.5,0,0,0.0,0,0,0.0,0,0,0.0,0.0,False,success=0|official_bin=500000,False,False,0.5,0.0
graph:step64:gf-rl-v1-s1973471102-t1,64,gf-rl-v1-s1973471102-t1,3,False,0.5,0,0,0.0,0,0,0.0,0,0,0.0,0.0,False,success=0|official_bin=500000,False,False,0.5,0.0
graph:step6:gf-rl-v1-s1386963190-t0,6,gf-rl-v1-s1386963190-t0,0,True,1.0,0,0,0.0,0,0,0.0,0,0,0.0,0.0,False,success=1|official_bin=1000000,False,False,2.0,0.0
graph:step6:gf-rl-v1-s1386963190-t0,6,gf-rl-v1-s1386963190-t0,1,True,1.0,0,0,0.0,0,0,0.0,0,0,0.0,0.0,False,success=1|official_bin=1000000,False,False,2.0,0.0
graph:step6:gf-rl-v1-s1386963190-t0,6,gf-rl-v1-s1386963190-t0,2,True,1.0,0,0,0.0,0,0,0.0,0,0,0.0,0.0,False,success=1|official_bin=1000000,False,False,2.0,0.0
graph:step6:gf-rl-v1-s1386963190-t0,6,gf-rl-v1-s1386963190-t0,3,True,1.0,0,0,0.0,0,0,0.0,0,0,0.0,0.0,False,success=1|official_bin=1000000,False,False,2.0,0.0
graph:step6:gf-rl-v1-s775570859-t0,6,gf-rl-v1-s775570859-t0,0,False,0.45,0,0,0.0,0,0,0.0,0,0,0.0,0.0,False,success=0|official_bin=450000,False,False,0.45,-0.8867640332068428
graph:step6:gf-rl-v1-s775570859-t0,6,gf-rl-v1-s775570859-t0,1,False,0.5,0,0,0.0,0,0,0.0,0,0,0.0,0.0,False,success=0|official_bin=500000,False,False,0.5,-0.8450339610559325
graph:step6:gf-rl-v1-s775570859-t0,6,gf-rl-v1-s775570859-t0,2,True,1.0,0,0,0.0,0,0,0.0,0,0,0.0,0.0,False,success=1|official_bin=1000000,False,False,2.55,0.8658989971313875
graph:step6:gf-rl-v1-s775570859-t0,6,gf-rl-v1-s775570859-t0,3,True,1.0,0,0,0.0,0,0,0.0,0,0,0.0,0.0,False,success=1|official_bin=1000000,False,False,2.55,0.8658989971313875
graph:step7:gf-rl-v1-s104732648-t0,7,gf-rl-v1-s104732648-t0,0,False,0.5,0,0,0.0,0,0,0.0,0,0,0.0,0.0,False,success=0|official_bin=500000,False,False,0.5,0.0
graph:step7:gf-rl-v1-s104732648-t0,7,gf-rl-v1-s104732648-t0,1,False,0.5,0,0,0.0,0,0,0.0,0,0,0.0,0.0,False,success=0|official_bin=500000,False,False,0.5,0.0
graph:step7:gf-rl-v1-s104732648-t0,7,gf-rl-v1-s104732648-t0,2,False,0.5,0,0,0.0,0,0,0.0,0,0,0.0,0.0,False,success=0|official_bin=500000,False,False,0.5,0.0
graph:step7:gf-rl-v1-s104732648-t0,7,gf-rl-v1-s104732648-t0,3,False,0.5,0,0,0.0,0,0,0.0,0,0,0.0,0.0,False,success=0|official_bin=500000,False,False,0.5,0.0
graph:step7:gf-rl-v1-s278081160-t0,7,gf-rl-v1-s278081160-t0,0,False,0.0,0,0,0.0,0,0,0.0,0,0,0.0,0.0,False,success=0|official_bin=0,False,False,0.0,0.0
graph:step7:gf-rl-v1-s278081160-t0,7,gf-rl-v1-s278081160-t0,1,False,0.0,0,0,0.0,0,0,0.0,0,0,0.0,0.0,False,success=0|official_bin=0,False,False,0.0,0.0
graph:step7:gf-rl-v1-s278081160-t0,7,gf-rl-v1-s278081160-t0,2,False,0.0,0,0,0.0,0,0,0.0,0,0,0.0,0.0,False,success=0|official_bin=0,False,False,0.0,0.0
graph:step7:gf-rl-v1-s278081160-t0,7,gf-rl-v1-s278081160-t0,3,False,0.0,0,0,0.0,0,0,0.0,0,0,0.0,0.0,False,success=0|official_bin=0,False,False,0.0,0.0
graph:step8:gf-rl-v1-s1947124596-t2,8,gf-rl-v1-s1947124596-t2,0,False,0.0,0,0,0.0,0,0,0.0,0,0,0.0,0.0,False,success=0|official_bin=0,False,False,0.0,0.0
graph:step8:gf-rl-v1-s1947124596-t2,8,gf-rl-v1-s1947124596-t2,1,False,0.0,1,0,0.0,0,0,0.0,0,0,0.0,0.0,True,success=0|official_bin=0,True,False,0.0,0.0
graph:step8:gf-rl-v1-s1947124596-t2,8,gf-rl-v1-s1947124596-t2,2,False,0.0,1,0,0.0,0,0,0.0,0,0,0.0,0.0,True,success=0|official_bin=0,True,False,0.0,0.0
graph:step8:gf-rl-v1-s1947124596-t2,8,gf-rl-v1-s1947124596-t2,3,False,0.0,0,0,0.0,0,0,0.0,1,0,-0.0,0.0,True,success=0|official_bin=0,True,False,0.0,0.0
graph:step8:gf-rl-v1-s65763197-t2,8,gf-rl-v1-s65763197-t2,0,True,1.0,0,0,0.0,0,0,0.0,0,0,0.0,0.0,False,success=1|official_bin=1000000,False,False,2.0,0.0
graph:step8:gf-rl-v1-s65763197-t2,8,gf-rl-v1-s65763197-t2,1,True,1.0,0,0,0.0,0,0,0.0,0,0,0.0,0.0,False,success=1|official_bin=1000000,False,False,2.0,0.0
graph:step8:gf-rl-v1-s65763197-t2,8,gf-rl-v1-s65763197-t2,2,True,1.0,0,0,0.0,0,0,0.0,0,0,0.0,0.0,False,success=1|official_bin=1000000,False,False,2.0,0.0
graph:step8:gf-rl-v1-s65763197-t2,8,gf-rl-v1-s65763197-t2,3,True,1.0,0,0,0.0,0,0,0.0,0,0,0.0,0.0,False,success=1|official_bin=1000000,False,False,2.0,0.0
graph:step9:gf-rl-v1-s1405942259-t0,9,gf-rl-v1-s1405942259-t0,0,True,1.0,0,0,0.0,0,0,0.0,0,0,0.0,0.0,False,success=1|official_bin=1000000,False,False,2.0,0.0
graph:step9:gf-rl-v1-s1405942259-t0,9,gf-rl-v1-s1405942259-t0,1,True,1.0,0,0,0.0,0,0,0.0,0,0,0.0,0.0,False,success=1|official_bin=1000000,False,False,2.0,0.0
graph:step9:gf-rl-v1-s1405942259-t0,9,gf-rl-v1-s1405942259-t0,2,True,1.0,0,0,0.0,0,0,0.0,0,0,0.0,0.0,False,success=1|official_bin=1000000,False,False,2.0,0.0
graph:step9:gf-rl-v1-s1405942259-t0,9,gf-rl-v1-s1405942259-t0,3,True,1.0,0,0,0.0,0,0,0.0,0,0,0.0,0.0,False,success=1|official_bin=1000000,False,False,2.0,0.0
graph:step9:gf-rl-v1-s720463335-t1,9,gf-rl-v1-s720463335-t1,0,False,0.5,0,0,0.0,0,0,0.0,0,0,0.0,0.0,False,success=0|official_bin=500000,False,False,0.5,1.2247148721264194
graph:step9:gf-rl-v1-s720463335-t1,9,gf-rl-v1-s720463335-t1,1,False,0.45,0,0,0.0,0,0,0.0,0,0,0.0,0.0,False,success=0|official_bin=450000,False,False,0.45,1.3597066496356038e-15
graph:step9:gf-rl-v1-s720463335-t1,9,gf-rl-v1-s720463335-t1,2,False,0.45,0,0,0.0,0,0,0.0,0,0,0.0,0.0,False,success=0|official_bin=450000,False,False,0.45,1.3597066496356038e-15
graph:step9:gf-rl-v1-s720463335-t1,9,gf-rl-v1-s720463335-t1,3,False,0.4,0,0,0.0,0,0,0.0,0,0,0.0,0.0,False,success=0|official_bin=400000,False,False,0.4,-1.2247148721264167
